Time,x1,x2,y1,y2
1,-0.09379438488204037,0.19896573081427943,0.03522957597803199,-0.020339805168394225
2,-0.0752299810059036,0.1958716635034029,0.06811330562594536,-0.04028863594866443
3,-0.04449894978923904,0.19074982497029322,0.09613212186282015,-0.059426647827569956
4,-0.0020540027535117912,0.18367566713515035,0.1164050855020233,-0.07727368427428664
5,0.05112779137157981,0.17481203478616195,0.1254816725106589,-0.09325465795033547
6,0.1130168159403741,0.1644971973640734,0.11915946996329808,-0.10666916670188868
7,0.17953347495464694,0.15341108753485702,0.09253725508296382,-0.11670034006659541
8,0.24293787503367759,0.14284368752787707,0.04098617115908028,-0.12257670192647838
9,0.290486176085104,0.13491897069061606,-0.03647519964068993,-0.12413468264291051
10,0.3075141765919068,0.13208097060781182,-0.1311342424049968,-0.12282638470026601
11,0.28837001695044634,0.13527166387951903,-0.22408030752804828,-0.12180358303099678
12,0.24182681741213558,0.1430288637980256,-0.29872255684378246,-0.12383141732782628
13,0.1816668780564238,0.1530555203514359,-0.3492605908793183,-0.12987662083566825
14,0.1185557686700652,0.16357403857633251,-0.37716987012897873,-0.13969328347227963
15,0.059005758169687075,0.1734990403205801,-0.38629394039681014,-0.1526408142706947
16,0.006715642613441897,0.18221405957484788,-0.38060231914827597,-0.1680576269870572
17,-0.036213413741999406,0.18936890229656247,-0.3635735959441421,-0.1853639566949125
18,-0.06853701800587755,0.1947561696707189,-0.33816658394280763,-0.20406666786814973
19,-0.08945995805223234,0.1982433263430681,-0.3069530103351656,-0.22373713930853784
20,-0.09842024308371672,0.1997367071807738,-0.2722793345637759,-0.243984294442546
21,-0.09498323529326358,0.19916387254936727,-0.2364291579679708,-0.26442753304717515
22,-0.07880965481111224,0.19646827580392148,-0.20179131129123629,-0.28466871666541094
23,-0.049694377501226086,0.1916157295884504,-0.17104979677533094,-0.30426051159055567
24,-0.007707838750465727,0.1846179731340906,-0.14741362052225812,-0.3226680834725889
25,0.0464736417290459,0.17558772639279646,-0.13488993064031135,-0.33922357429385297
26,0.11086824835131058,0.16485529196204088,-0.13852935172551278,-0.35308521328883746
27,0.18083129524340374,0.15319478415352433,-0.16429892515377562,-0.3632584935621395
28,0.24698546947541322,0.1421690884546498,-0.21748916894481,-0.36886166211099075
29,0.2943817129104929,0.1342697145534317,-0.29776902147560297,-0.36994989587252763
30,0.3087650011215146,0.1318724998529994,-0.39293160608737965,-0.36855767428868735
31,0.288443756570531,0.1352593739428455,-0.4833122699926218,-0.36796243948880253
32,0.24385568528726598,0.14269071915236872,-0.5554196980599939,-0.37041274399344487
33,0.18721433769391738,0.1521309437457288,-0.6054845157074943,-0.37653681689924656
34,0.12741922071564007,0.16209679656960232,-0.6349684213623392,-0.3860910418018143
35,0.07006541735881502,0.1716557637901389,-0.6469312713542629,-0.3985654426464912
36,0.018584547657874602,0.1802359087352682,-0.6445361032309948,-0.41343284650896456
37,-0.024846999541954216,0.18747449993099832,-0.630633301444672,-0.43021818931415656
38,-0.05874980761940863,0.19312496794059658,-0.6077361051932877,-0.4485025978626472
39,-0.0820197493264524,0.19700329155616478,-0.5781168836760778,-0.4679073439547856
40,-0.0937462936929709,0.19895771561610603,-0.5439382089191103,-0.48807199891977177
41,-0.09311646562115537,0.19885274427086494,-0.5074011664066088,-0.5086297151771165
42,-0.07938360866783938,0.1965639347799867,-0.47091925885175673,-0.5291782422748584
43,-0.05191045766196828,0.19198507628169112,-0.43733824888575273,-0.549243286441409
44,-0.010338181782319844,0.18505636363914282,-0.41022625076670777,-0.5682301619674314
45,0.04498935764206362,0.1758351070738153,-0.3942373136060786,-0.5853631940014707
46,0.11207848241707181,0.16465358628453228,-0.3954284787013215,-0.5996328756612092
47,0.18543130619668757,0.15242811566175968,-0.42094817163359194,-0.6098478026838188
48,0.25355616812915216,0.14107397201300173,-0.47639103405538097,-0.6150755347944309
49,0.2996137646149721,0.13339770593652955,-0.5590416484309441,-0.6157686415820709
50,0.3113994956395646,0.13143341743358175,-0.6533887251865741,-0.6145123379741754
51,0.2909771689708795,0.13483713854303492,-0.7407781967383501,-0.6144156352329094
52,0.24903438965013255,0.14182760175906345,-0.8107513816759911,-0.6172216469256319
53,0.19603327401076312,0.15066112102711582,-0.860762053636396,-0.6233547441126108
54,0.1394429821783416,0.160092836326993,-0.8919925574239038,-0.6326178693265719
55,0.08416209986977284,0.16930631670635596,-0.9067760836978604,-0.6446221574578521
56,0.03342286202189521,0.17776285634271388,-0.9075761596425774,-0.6589570206426401
57,-0.010530355946971173,0.185088392666566,-0.8966876219948183,-0.6752399860916991
58,-0.04601318122691358,0.1910021968764246,-0.8762102875194148,-0.6931210843444292
59,-0.07164092726184823,0.19527348787974433,-0.8481201195619232,-0.7122709881767639
60,-0.08617045880245364,0.19769507646842635,-0.8143813889436964,-0.7323623191186696
61,-0.0884086816181505,0.19806811360415724,-0.7770912525248772,-0.7530455510269938
62,-0.0771788467275389,0.19619647445681865,-0.7386706619095468,-0.7739171919679594
63,-0.051367628856999185,0.19189460481424933,-0.7021300623309663,-0.7944755010696504
64,-0.010131997123248625,0.1850219995293178,-0.6714447664877377,-0.8140579262160211
65,0.04654026009251963,0.17557662333222415,-0.6520401309091919,-0.8317602413193798
66,0.11652148556715392,0.16391308575995253,-0.6511720472364511,-0.8463731311069144
67,0.19303405654834177,0.15116099060389313,-0.6772058980167585,-0.8565023651549014
68,0.26205318343268635,0.13965780279657583,-0.7353259603738252,-0.8612838972765621
69,0.3058361410739979,0.13236064319396626,-0.8194167398989787,-0.8617369765394111
70,0.3155844757615145,0.13073592074699883,-0.9118104400957799,-0.8608062356911296
71,0.29604913626677776,0.13399181066088053,-0.9961240635854975,-0.8612221742932397
72,0.2572049758262807,0.14046583739717,-1.0643643845210096,-0.8643169966528143
73,0.20786645774711018,0.14868892373888024,-1.1146212865173275,-0.8704090555004984
74,0.1543617322297484,0.1576063779865488,-1.147685197450211,-0.879366612857076
75,0.10104458264499741,0.16649256957880057,-1.165237366111575,-0.8909094605907253
76,0.05098641151518343,0.17483559809554775,-1.1691293937118443,-0.9047289984998897
77,0.0064864898333070135,0.18225225170484813,-1.1611553494282445,-0.9205262150552069
78,-0.030593470536316496,0.18843224509616432,-1.1430231329919032,-0.9380164603016558
79,-0.058612168951599555,0.193102028162642,-1.116409633167126,-0.9569202527786823
80,-0.07600490312683757,0.19600081719014983,-1.0830633845657458,-0.9769461700511518
81,-0.08119062812697914,0.196865104689667,-1.0449548324006546,-0.9977658045837747
82,-0.07253125255338959,0.19542187542824774,-1.0044966187864606,-1.0189770493576853
83,-0.048382285336789226,0.19139704756117265,-0.9648754767827111,-1.0400487821966036
84,-0.007353838810123914,0.18455897314406844,-0.9305462264448,-1.0602385330917323
85,0.0509250077570786,0.17484583205522597,-0.9078745832726555,-1.0784853494603717
86,0.12396713643064525,0.16267214395009788,-0.905528618902906,-1.0933445526972634
87,0.2031402836617775,0.14947661941930757,-0.9329334038366153,-1.1032452977198173
88,0.27178559681893766,0.13803573389981785,-0.9937502821287815,-1.1075773605192247
89,0.3128530712060568,0.1311911548393085,-1.0780371270213225,-1.1079977622208617
90,0.3214083102077574,0.12976528167319387,-1.167686060145596,-1.1075244825510668
91,0.30354906591605163,0.1327418223867341,-1.2490428211077653,-1.1084332315741463
92,0.26807064782649853,0.1386548920648616,-1.3158953681709988,-1.1117593495789653
93,0.22235452260668542,0.14627424626369934,-1.3665993036468473,-1.1177769028467712
94,0.17181404786788526,0.15469765871523045,-1.4015250862647677,-1.1264241482560244
95,0.12036056147957037,0.16327323977492486,-1.4217766079182808,-1.1375171038245793
96,0.07092459752773994,0.17151256709540222,-1.428663782481972,-1.1508374505734658
97,0.025844169965974998,0.17902597168462733,-1.423520863348107,-1.1661628129374368
98,-0.012866959040735485,0.18547782651529873,-1.4076769977557126,-1.1832716663767846
99,-0.04333099231786997,0.19055516539184614,-1.382502449509267,-1.2019356335908964
100,-0.06366787090962105,0.19394464515515197,-1.3495094476452199,-1.221902676407178
101,-0.07189380063999519,0.19531563344274436,-1.310517361946128,-1.2428695665287148
102,-0.06586742860408529,0.19431123810401457,-1.2679171072562125,-1.2644378181483698
103,-0.04334434095122,0.19055739016406986,-1.225096247073589,-1.2860428373501211
104,-0.0023201257797320803,0.18372002097282814,-1.1870961320524267,-1.3068443990254333
105,0.05789197865743251,0.17368467023918077,-1.1614466656764237,-1.3255875192610918
106,0.13406178992454754,0.16098970170210003,-1.1584178982801376,-1.3405605230023396
107,0.2150504170183261,0.1474915971943793,-1.1879840001025284,-1.3501010485436578
108,0.2821094540161768,0.13631509103461958,-1.2509761451600048,-1.3540705668823927
109,0.32056430751596604,0.12990594878841005,-1.3341949416206411,-1.3546689766559092
110,0.3288143332602921,0.12853094449849473,-1.4206573131640952,-1.3547267905826064
111,0.31320030987646313,0.13113328172760808,-1.4992639696646965,-1.3560938903490118
112,0.2812188100640549,0.13646353169321956,-1.5649999107902908,-1.3596061093433283
113,0.23904605644229956,0.14349232395939368,-1.616275444081566,-1.365528396308619
114,0.19134916309919814,0.15144180617858602,-1.6530548222712016,-1.3738667091227674
115,0.1416650614402872,0.15972248978355255,-1.6759318781089108,-1.3845220756608794
116,0.09279136865154838,0.16786810524356954,-1.6857305994091845,-1.39735716462062
117,0.04708705669566873,0.1754854905650862,-1.683355573175768,-1.4122212115014534
118,0.006694686497533464,0.18221755226083083,-1.669763510298416,-1.428954764488514
119,-0.026288119591484967,0.1877146866057796,-1.6460058896041088,-1.4473825771107411
120,-0.049667033142098284,0.1916111721952654,-1.6133345682779976,-1.4672960065040652
121,-0.06103223731256528,0.19350537288923336,-1.5733917039752074,-1.4884213597261255
122,-0.05768360491494712,0.19294726748995733,-1.5285370321111549,-1.51036534754125
123,-0.03669196243813232,0.18944866041253816,-1.4824031754006923,-1.5325225328306509
124,0.00462618651663939,0.18256230225744452,-1.4407742653496536,-1.5539288936772548
125,0.06714212692991395,0.17214297886133714,-1.412625632778353,-1.5730885416118852
126,0.14629017504692304,0.1589516375162316,-1.4098942833345922,-1.588011975694408
127,0.22792213716149926,0.1453463105051074,-1.4421058980499364,-1.5971115824204922
128,0.29252773462564474,0.13457871093405893,-1.506278237978055,-1.6008844016142352
129,0.32886443004148724,0.128522595034967,-1.587382701388108,-1.6018352002293095
130,0.3375869109861866,0.12706884821170222,-1.6704792320198272,-1.6024539876409671
131,0.32459336529452754,0.12923443915904315,-1.7465586069766026,-1.6042423009977633
132,0.29614517700057824,0.13397580387192323,-1.8113794861538925,-1.6079070303167078
133,0.25741342370926523,0.14043109608335969,-1.863297668697368,-1.6137222090733614
134,0.21244158384515777,0.14792640272298582,-1.9019029645330403,-1.6217562022800154
135,0.1644365584062304,0.15592724029145238,-1.9273371415201237,-1.631985381960148
136,0.11606307080092196,0.1639894882209465,-1.9399822856253683,-1.6443460671193382
137,0.0696823672367163,0.17171960547711806,-1.9403348535288991,-1.6587555149776134
138,0.027544322477821712,0.1787426129328188,-1.9289794893019692,-1.6751162848564887
139,-0.00804694948070397,0.18467449158909738,-1.9066320383465665,-1.693309069189036
140,-0.03457803910841873,0.18909633985779226,-1.8742558900900825,-1.7131733030707843
141,-0.049179050997099884,0.19152984183781324,-1.8332881105773642,-1.7344694754943992
142,-0.048518122106973254,0.1914196870228567,-1.786054820311318,-1.7568098997096238
143,-0.028879068672882216,0.18814651145242606,-1.736508373367422,-1.779535850037597
144,0.01314305776014975,0.1811428237176911,-1.6913995929451993,-1.8015221892790583
145,0.07831705322863022,0.17028049114597565,-1.66146669037991,-1.820979215545846
146,0.15994778809164237,0.1566753686767787,-1.6600783498304386,-1.835678814812785
147,0.240903803674212,0.14318269942092293,-1.694895948788632,-1.8443440908319824
148,0.30268712222509253,0.13288547966847633,-1.7590349923952524,-1.8481224594126384
149,0.3375691321243549,0.12707181135533904,-1.8372879715983819,-1.8495485053952547
150,0.3473693887356414,0.125438435254415,-1.9170018515044212,-1.8507310679275288
151,0.33721797116347285,0.1271303381821184,-1.9907579636404937,-1.8529065917542153
152,0.3122753716388581,0.13128743810045174,-2.0548086747730467,-1.8566996824138742
153,0.27686934886825654,0.13718844189209436,-2.1074061459278632,-1.8624016464020372
154,0.23450775632662138,0.14424870731156333,-2.147803339123718,-1.8701369900488358
155,0.1880953484064802,0.15198410862705442,-2.175738899616812,-1.879949272478211
156,0.1401584907119401,0.15997358490479643,-2.191187588069088,-1.891842700246503
157,0.09304139867372621,0.1678264335732308,-2.194252148742539,-1.9058001493100565
158,0.04908128772131194,0.17515311872767353,-2.185139975025304,-1.9217870541042017
159,0.01077891010676806,0.18153684832635703,-2.1642092960287598,-1.9397437097770776
160,-0.01902120132878934,0.1865035335627064,-2.1321021752091727,-1.9595631057527025
161,-0.03694091747972799,0.1894901529194462,-2.09002140159171,-1.9810447771936661
162,-0.03892149108485775,0.18982024852010773,-2.040269445978864,-2.0038049789664445
163,-0.020342281277746725,0.18672371355407028,-1.987239988213097,-2.027111431097723
164,0.022904317214905615,0.17951594714285152,-1.938960341636209,-2.049626248031319
165,0.09095752842890381,0.1681737452804976,-1.9082097015747579,-2.0692195638807207
166,0.17415873547882055,0.15430687744696991,-1.909045389142387,-2.083548491795027
167,0.253266654758561,0.1411222242414052,-1.945862162953926,-2.0918805720055285
168,0.3123031234521761,0.13128281279823462,-2.008813103825108,-2.0958569577086417
169,0.346387882733962,0.1256020195879322,-2.083762106904567,-2.097833666378214
170,0.3576968227185377,0.12371719625827399,-2.160162703357057,-2.099568442819089
171,0.3504954434800526,0.12491742613065157,-2.2317696384014525,-2.1021021628275123
172,0.32898932942277614,0.1285017784714308,-2.295153880142207,-2.1060063317190725
173,0.29678862985934046,0.1338685617288588,-2.3484484448915834,-2.1115921134415436
174,0.25692815634938093,0.14051197397662613,-2.3906070828178922,-2.1190338829667716
175,0.2120267137820731,0.14799554773345922,-2.4210062550981695,-2.128435563431857
176,0.16446284537942651,0.1559228591292554,-2.4392402925507612,-2.139864766367035
177,0.11654388918027307,0.16390935182443475,-2.4450264650060842,-2.1533686134672085
178,0.07067581008589033,0.17155403166901925,-2.4381841445309913,-2.168977209387885
179,0.02955015098609292,0.17840830818163597,-2.418686046308551,-2.1866951015985507
180,-0.003636002073294023,0.18393933368829296,-2.3868144675758955,-2.20647524055971
181,-0.024929325811615333,0.18748822097593373,-2.3435088501510615,-2.2281610526351163
182,-0.02942166102052758,0.18823694351031373,-2.2910798949781634,-2.251367421000975
183,-0.011466242914001978,0.18524437382764625,-2.2345552789821745,-2.275256399503616
184,0.03359690996353938,0.1777338483524567,-2.1836394867408657,-2.2982105740476912
185,0.10445264526757514,0.1659245591420369,-2.1532256161171843,-2.3177477616574973
186,0.18798282032481695,0.1520028633073205,-2.1567333511551934,-2.331631348327001
187,0.2644536975666487,0.13925771710781637,-2.1945562202761626,-2.339795745986029
188,0.3210895424784623,0.12981840962804492,-2.2553896579273167,-2.3441250488922734
189,0.35493388968271883,0.12417768509730727,-2.326796632889711,-2.34669209558101
190,0.3680326418232023,0.12199455974183919,-2.399992262737211,-2.3489610331224045
191,0.3638087608448451,0.12269853990448622,-2.4695949720874344,-2.351828790746327
192,0.34564538727069927,0.12572576883173675,-2.5323891736670783,-2.355831299664681
193,0.3165307339514062,0.1305782110487757,-2.5863913689530893,-2.3612991429644485
194,0.279070487984569,0.13682158537292366,-2.630291372577986,-2.3684506848734155
195,0.235605127040458,0.1440658121926975,-2.6631376288169557,-2.377444518012291
196,0.18835271437154977,0.15194121429956772,-2.684164541751523,-2.3884082417007457
197,0.13956322984536168,0.1600727950491678,-2.6927064242829877,-2.4014528037884983
198,0.09169414711616758,0.16805097549935877,-2.6881778027340255,-2.416675783221712
199,0.047626927209909,0.17539551214609841,-2.670130895313423,-2.4341518102988795
200,0.010945272013824127,0.1815091213418637,-2.638443398514039,-2.453901268937845
201,-0.013730150866479515,0.18562169181950458,-2.593765718340689,-2.4758157581378697
202,-0.020487871016322684,0.18674797851048516,-2.5384867199376764,-2.4994971337084695
203,-0.0025586567083851347,0.1837597761275798,-2.4785630938702212,-2.5239526138893558
204,0.044881852810581074,0.17585302454571827,-2.4258287915018917,-2.5472098734544235
205,0.11801545266048315,0.1636640912445432,-2.396906256729106,-2.5664985050892257
206,0.20056146741728825,0.14990642212647015,-2.402952401331512,-2.5799590234982444
207,0.27404112522205304,0.13765981249951842,-2.440679599819569,-2.5881393662627485
208,0.3287215636337474,0.12854640610290924,-2.4987331058176303,-2.5929319911109037
209,0.3627517826160923,0.12287470294250835,-2.566504239493874,-2.5961050113469772
210,0.37780468614674645,0.12036588568886933,-2.636617169167611,-2.598887732250364
211,0.37653213761678295,0.12057797711040563,-2.7043374909183338,-2.602069221140686
212,0.36160605969192056,0.12306565676309174,-2.7666024497837176,-2.606159937178032
213,0.33546476614643844,0.12742253901811923,-2.8213240434518707,-2.611507880747513
214,0.30031492641400886,0.13328084563675824,-2.866960276813222,-2.6183700510339074
215,0.25821977024642234,0.1402967049939118,-2.9022600700140355,-2.626954961346048
216,0.21122144918477154,0.14812975849959725,-2.9261128545987916,-2.637447706426414
217,0.16149133703859103,0.1564181105191042,-2.93746680027738,-2.650023591323254
218,0.11152272810011042,0.16474621200397122,-2.9353077906324305,-2.664851635439364
219,0.06439280908590592,0.1726011985017361,-2.918723923642708,-2.6820838224448607
220,0.024123491854234597,0.17931275136974878,-2.8871366589602436,-2.7018165757310157
221,-0.0038715475125151487,0.1839785912614732,-2.840891999799532,-2.7239922280954474
222,-0.012493589649213757,0.1854155982834143,-2.782591459455035,-2.7481771939893327
223,0.006156521659179811,0.18230724640050333,-2.719548586840445,-2.773152548594437
224,0.056327264389375686,0.17394545595037014,-2.666097674313883,-2.7965292431858066
225,0.13074871444148892,0.1615418809489523,-2.639539351787833,-2.815423839446384
226,0.21121189339203983,0.14813135113171821,-2.6474901919234415,-2.8285669086000547
227,0.2816808512781086,0.13638652482425512,-2.6841300805556254,-2.8369284696737647
228,0.33483633565239934,0.12752727743373093,-2.738977637217294,-2.8422554194110057
229,0.3693537116550322,0.12177438143666294,-2.803110376656072,-2.8460348386863017
230,0.38643957236303056,0.1189267379869984,-2.870265332916157,-2.8493105551583415
231,0.3880592502121996,0.11865679167896172,-2.936208794313484,-2.8527881874407224
232,0.3762634025616935,0.12062276628622746,-2.997998131487918,-2.8569581737598466
233,0.35299425334390105,0.12450095782025383,-3.0534575127068835,-2.8621831527375976
234,0.3200790977423214,0.1299868170839694,-3.1008421112803006,-2.868753928822151
235,0.2792996785509176,0.13678338694522102,-3.1386250435650456,-2.876924982620546
236,0.23250411244091806,0.1445826479589844,-3.165360635243963,-2.8869372598521665
237,0.18176295129666192,0.15303950814473857,-3.1796016001120115,-2.8990319748843785
238,0.12959164595689582,0.1617347256962714,-3.1798729646492987,-2.9134549566370196
239,0.07927831592189243,0.1701202806971919,-3.1647444955787156,-2.930444577322802
240,0.035359346009579726,0.17744010901162172,-3.1331236701643315,-2.9501829240642743
241,0.004210241229000951,0.18263162647200962,-3.0850605860976414,-2.9726616472461918
242,-0.0056850400565175725,0.1842808400186297,-3.0236083715512887,-2.997371892173412
243,0.014507936525412143,0.1809153439236134,-2.9580006215122294,-3.022774726349011
244,0.06734520542911225,0.17210913244482323,-2.905099666478473,-3.0460597613583
245,0.14178413391630862,0.15970264437089324,-2.881263792061585,-3.064500616267616
246,0.21943022563751002,0.14676162909160895,-2.890224751243054,-3.077475332247075
247,0.2870591789561432,0.1354901368784411,-2.9249976164614564,-3.086148063889566
248,0.33905173329295724,0.12682471116071614,-2.9763953323587513,-3.092049987087199
249,0.3742540492231327,0.12095765850912463,-3.036943010434369,-3.096426916589338
250,0.3933933010970126,0.11776778319868038,-3.1012629246330223,-3.1001751400713395
251,0.39782947198766744,0.11702842138400445,-3.1655248116046444,-3.1039330347578407
252,0.38906336964085647,0.11848943844095021,-3.2268908708528143,-3.1081735673979676
253,0.36858093436767253,0.12190317765114729,-3.2831162595078127,-3.1132708784697876
254,0.33784156005836535,0.1270264066996966,-3.332279423574495,-3.119545226972304
255,0.2983366446982541,0.13361055925585721,-3.372597254165296,-3.127293797719937
256,0.251699338052883,0.141383443692198,-3.402293814722902,-3.136812580138732
257,0.1998760366741989,0.1500206605835845,-3.419509995256161,-3.1484114258936993
258,0.14539372226304928,0.15910104631345554,-3.422267261113753,-3.162420090759866
259,0.09178045989331796,0.16803659003650842,-3.408550070467479,-3.179174498375068
260,0.044198330374539005,0.17596694495165824,-3.376691458987826,-3.198952476127395
261,0.01020513930379872,0.18163247679346198,-3.326503110145003,-3.2217854101051273
262,-0.00016578323805712704,0.1833609638827585,-3.2618849179277634,-3.2470233179771864
263,0.02230311521724831,0.17961614747573515,-3.194607427871026,-3.272704442155568
264,0.07720690820212556,0.17046551531695062,-3.1434320266560536,-3.2957018848618955
265,0.15040862551251716,0.1582652291057006,-3.122132927786845,-3.3137199438468463
266,0.22485514225320738,0.1458574763228557,-3.1311888551850955,-3.326678831790185
267,0.28988792490702675,0.13501867922023666,-3.163540289288967,-3.335755135284862
268,0.34099684327315255,0.12650052616420676,-3.21137508248934,-3.3422508789316336
269,0.37700322908036654,0.12049946186652066,-3.268424747085101,-3.347210810680074
270,0.39817967334765597,0.11697005449070708,-3.330029482079887,-3.3514115640291218
271,0.40535245815481147,0.1157745903568816,-3.392699000688345,-3.3554348534426617
272,0.3995287164669184,0.11674521397096173,-3.4536960693935117,-3.3597368845065865
273,0.38176702262096085,0.11970549627688677,-3.5107265691719536,-3.3647000103912448
274,0.35316364221249363,0.12447272634217134,-3.5617158380906484,-3.370670008085271
275,0.314906398279883,0.13084893366053707,-3.6046403775350226,-3.3779841273575633
276,0.26838939068346973,0.13860176825539658,-3.6373934900108615,-3.386993484456951
277,0.21541031732735083,0.147431613809576,-3.65767930189325,-3.3980807249873632
278,0.15850191710044553,0.15691634717516942,-3.662959713391862,-3.4116688655802725
279,0.10148191106667866,0.1664196815085622,-3.6505521520172137,-3.4282050016503316
280,0.050298201715601655,0.1749502997287433,-3.618161090635384,-3.4480717210529694
281,0.013962823345272265,0.18100619612024982,-3.565509293204008,-3.47131522979522
282,0.004084389037542414,0.1826526018372401,-3.4979386933967223,-3.4970452055986647
283,0.02923535711064269,0.17846077382751285,-3.430192819708885,-3.522804393715518
284,0.0851558127299865,0.1691406978964165,-3.381542960196983,-3.545380912804913
285,0.15610870377750616,0.1573152160620922,-3.3622184184298467,-3.5630698789397117
286,0.22722791334105236,0.14546201447511303,-3.370581383272082,-3.576144260642318
287,0.2899116351600655,0.13501472751139895,-3.400151515855855,-3.585684114390073
288,0.3403404762449799,0.12660992066883792,-3.444400313765093,-3.592777523918351
289,0.37721510821640497,0.12046414867720141,-3.4980587898023465,-3.5983026537595446
290,0.40039331618442225,0.11660111401812868,-3.557064791967494,-3.602936529246612
291,0.4102284851358261,0.11496191919385516,-3.6182275425408177,-3.60721094666586
292,0.407278011418699,0.1154536648130882,-3.678913252112796,-3.611564870918619
293,0.3921933657822926,0.11796777241768283,-3.7367985893189974,-3.6163855238987344
294,0.3657066409724157,0.12238222655007572,-3.7896772483060124,-3.622040623248225
295,0.32868439716259107,0.1285526005147644,-3.835297536395161,-3.6289054510799845
296,0.28225397009468967,0.13629100502154706,-3.871215345447064,-3.6373873587503374
297,0.22803878785985432,0.1453268687220585,-3.8946622265022737,-3.6479477544189214
298,0.1685797222126223,0.15523671299079062,-3.9024675659121884,-3.6611150736935274
299,0.10806537643023692,0.16532243728194526,-3.8911846706987334,-3.6774637654034974
300,0.0534556357605679,0.1744240607215571,-3.857861916447299,-3.6974857669509777
301,0.015514589906243364,0.18074756836023934,-3.8024403286161412,-3.7211909074262546
302,0.007139306610493211,0.18214344890871312,-3.732480474166551,-3.7473190923365167
303,0.034846304826643415,0.17752561587539384,-3.6655800398599654,-3.7729373738899104
304,0.09054826775172739,0.16824195539331946,-3.619744080531021,-3.7950449096157546
305,0.15856032216839594,0.15690661299718314,-3.6016834696259865,-3.812523220606993
306,0.22637530731068378,0.14560411548009103,-3.608748217798427,-3.825813971754439
307,0.2869281939617249,0.13551196771083085,-3.6353292421156036,-3.835852010213001
308,0.33681974677841964,0.1271967089129206,-3.676029229934956,-3.843536888089246
309,0.37459159944370196,0.12090140013906218,-3.726413948071011,-3.8496076442469866
310,0.3997300507404113,0.11671165825873221,-3.7829335323317137,-3.854655922717885
311,0.41216627116850396,0.11463895485526455,-3.8426721100760046,-3.859167702275166
312,0.4120420678502356,0.11465965540829715,-3.9031070663260947,-3.863563418748215
313,0.39961492575734386,0.11673084575589886,-3.9619060715087326,-3.8682317937323463
314,0.37524627854187137,0.12079228695609785,-4.016750764847752,-3.8735592206900282
315,0.3394588424154512,0.12675685964033967,-4.0651696442061,-3.8799576166438614
316,0.29308120042614233,0.13448646663402875,-4.104367013381156,-3.887892930960676
317,0.23753656601774864,0.14374390569667006,-4.131051884662819,-3.8979136615918337
318,0.17539015133635608,0.1541016414708332,-4.141326865056611,-3.9106693740360345
319,0.11133047570401784,0.16477825406996707,-4.130871978804007,-3.92688006425261
320,0.05363722452064606,0.17439379592822826,-4.096118624927558,-3.9471404990707866
321,0.01506935861407454,0.18082177357555712,-4.037770165446385,-3.9713334514874465
322,0.009016391936670826,0.1818306013545333,-3.9663891172093013,-3.997698502028819
323,0.03859696987112034,0.17690050503501376,-3.901463929080563,-4.022987575886098
324,0.09293298206148669,0.16784450300859227,-3.8582906842081455,-4.044651325869447
325,0.15759588112147715,0.15706735317157525,-3.840808083966288,-4.062033301750212
326,0.22220425241758102,0.14629929129520064,-3.8461490949323593,-4.075611342431884
327,0.28080715840400083,0.13653214030318694,-3.8696447501649467,-4.08616360907091
328,0.3302603638193452,0.12828993940545894,-3.9068716996510977,-4.094427326669017
329,0.36893926870211247,0.12184345526210828,-3.954103978867734,-4.101023489313019
330,0.39600037093956525,0.11733327155850883,-4.008244031442958,-4.106468356397931
331,0.4109945506592318,0.11483424160669534,-4.066637421858301,-4.111204333843239
332,0.4136742436548926,0.11438762610768023,-4.126883925703071,-4.1156314590504905
333,0.40390986423372127,0.11601502267692189,-4.18666256195309,-4.1201365621901545
334,0.38168021749705916,0.11971996379752804,-4.243560756282056,-4.1251217389830455
335,0.3471359577223933,0.12547734042326555,-4.294891195021994,-4.131034875040231
336,0.30076997672537836,0.1332050039182401,-4.33748268303244,-4.138404502884812
337,0.24378068228064007,0.14270321965346447,-4.3674529777655495,-4.147877662941051
338,0.1787974981322127,0.15353375033852304,-4.380057770805823,-4.160245073277732
339,0.11120907336719,0.16479848779275974,-4.369995104832488,-4.176390393447801
340,0.051004732587326,0.1748325445835244,-4.333255650838406,-4.196981844952056
341,0.012956908850465144,0.18117384853595228,-4.272132717446912,-4.221637209686832
342,0.009591814185904818,0.1817346976463837,-4.200598692174389,-4.248027756400763
343,0.0400031702640444,0.17666613830299696,-4.138370805032068,-4.272867280093902
344,0.09206848980165172,0.16798858505181355,-4.097453605036437,-4.294155022598007
345,0.15318131040117097,0.1578031149578617,-4.079977580640017,-4.311535902504533
346,0.214709685764082,0.1475483857367185,-4.0833213815896325,-4.325446811522086
347,0.27150908194461837,0.1380818197121759,-4.103713782212089,-4.336516287262498
348,0.3205940344330834,0.12990099430222515,-4.137566264279188,-4.345342416096782
349,0.36018263758681773,0.12330289378046881,-4.181765819945471,-4.352444032665548
350,0.38913968847534425,0.11847671863520888,-4.2336256943452515,-4.358268929446145
351,0.40667037757759056,0.11555493711987981,-4.290747532357255,-4.363216832291886
352,0.4121573973111943,0.1146404338314817,-4.350867480969017,-4.367665050037959
353,0.40508525638388204,0.1158191239853431,-4.411696509715848,-4.37199508776159
354,0.3850322109019887,0.119161298230367,-4.470743925230615,-4.376622061023725
355,0.3517418944750127,0.12470968429827867,-4.52510516952852,-4.382030062821546
356,0.3053290226029209,0.13244516293909478,-4.571196613611219,-4.388816364654427
357,0.24674763856731366,0.14220872693930847,-4.604451137682235,-4.397742153154668
358,0.1787712741714795,0.15353812099864253,-4.619128590118627,-4.409764120258865
359,0.10778935020382388,0.16536844165298664,-4.608868319469989,-4.4259423745414646
360,0.045926552236813876,0.17567890797478036,-4.569637033499529,-4.446949131374873
361,0.0095163318667813,0.18174727803289675,-4.506338952508063,-4.471967020709431
362,0.008619562516209543,0.18189673959123778,-4.435953492949928,-4.498166139804409
363,0.03873892864560764,0.17687684523927943,-4.376703925123054,-4.522509276945265
364,0.08790174598911801,0.16868304235349543,-4.337554827700336,-4.543502335687391
365,0.1453989240622968,0.15910017934691392,-4.3196537282696035,-4.560954061432928
366,0.20398014640496157,0.14933664229552393,-4.320844327953802,-4.57522383732784
367,0.25909589619632845,0.14015068400234518,-4.338167590096521,-4.586804836147908
368,0.30786631233337736,0.13202228131759974,-4.368754826938061,-4.596175172519468
369,0.3483689173174953,0.1252718471575354,-4.410034883198833,-4.6037633723222
370,0.3792108526507891,0.12013152460499833,-4.459703874975576,-4.609953416206422
371,0.39928012531676627,0.11678664582929535,-4.51562032630769,-4.6151022168320255
372,0.40760359196671836,0.1153994013884495,-4.575673138558033,-4.619561623971663
373,0.4032752789988634,0.11612078688266929,-4.637626222820606,-4.6237043191094465
374,0.3854481190264896,0.11909198020965732,-4.698924852239644,-4.627956090054422
375,0.35341558685998004,0.12443073556761408,-4.756438557889039,-4.632838681627302
376,0.3068661062828059,0.13218898232593057,-4.806116404453742,-4.639027249713532
377,0.2465022998115777,0.14224961673190703,-4.842580019042005,-4.647418189794545
378,0.1753880701637075,0.15410198833294064,-4.858918758275892,-4.659163275765988
379,0.10134091259227775,0.16644318125428112,-4.847733952444261,-4.675495619245664
380,0.03894226439241992,0.17684295594816382,-4.805731175447536,-4.696964291249846
381,0.004975645132571158,0.18250405915482157,-4.741303107001325,-4.722170511826752
382,0.005842663410754114,0.1823595561085424,-4.673120947193776,-4.748002414296848
383,0.03467912549773533,0.17755347909686156,-4.616803900999152,-4.771856797832615
384,0.08054259373662358,0.16990956772819235,-4.578965235015869,-4.792631451334962
385,0.13444141175470084,0.1609264313971097,-4.560338171568013,-4.810204171083282
386,0.19020513940183084,0.15163247679470035,-4.559305110871915,-4.82484455704136
387,0.2437386515426618,0.14271022477645637,-4.573625156504331,-4.836926091946185
388,0.2922409742995782,0.13462650432170684,-4.601057520259205,-4.846822240498548
389,0.33366924499468653,0.12772179254323449,-4.639520295283886,-4.854879987173686
390,0.36640316339270773,0.12226613948009427,-4.687074773117193,-4.861422450048274
391,0.38903694556194357,0.11849384245409861,-4.741842148281495,-4.866762763368402
392,0.4002502657713421,0.11662495575362722,-4.801882809351852,-4.871224195704701
393,0.398735914922962,0.11687734756154267,-4.865035161533748,-4.875167012856048
394,0.38318846343073987,0.11946858947539471,-4.92869195567973,-4.879025756346763
395,0.35239814605357966,0.12460030903524788,-4.989478070403291,-4.883362946407601
396,0.3055745091866997,0.1324042485084886,-5.042795379856427,-4.888944937346115
397,0.24318834342476878,0.14280194279605135,-5.082286400963596,-4.896831309674273
398,0.16884533309403174,0.15519244451058078,-5.099688197961202,-4.908399219351867
399,0.09234009248638156,0.16794331793771794,-5.086795246806373,-4.925016253718575
400,0.030665181815762037,0.17822246971013161,-5.042167725730093,-4.946922383069093
401,-0.0005837565342100264,0.18343062609874197,-4.977900834746523,-4.9721017407355745
402,0.001106057277786997,0.18314899046357414,-4.912595900335816,-4.99745410563981
403,0.02789268161163791,0.17868455307721484,-4.8589896913986514,-5.020856682966265
404,0.07023721228908691,0.1716271313017752,-4.822084061016902,-5.0414758305351155
405,0.12060390805914897,0.16323268201168348,-4.802537128740191,-5.059201861754821
406,0.17367415716440093,0.1543876404993241,-4.799268093541636,-5.074214910129757
407,0.22571551972983556,0.1457140800768338,-4.810666770697038,-5.086783339780466
408,0.2739953479661711,0.1376674420421594,-4.835047988641023,-5.097188012634345
409,0.31637179720109465,0.13060470050714376,-4.8707806016099875,-5.105700786318502
410,0.35102393224015704,0.124829344670684,-4.9162813454801295,-5.112585538186751
411,0.3762711329003827,0.12062147789644526,-4.969944212372465,-5.118109936218765
412,0.3904493471351384,0.11825844219203721,-5.030022282078001,-5.122565133782539
413,0.39183226459244513,0.11802795594928779,-5.0944506560394345,-5.126295280637421
414,0.37861279023434885,0.1202312016743462,-5.1605773512869675,-5.129742373944785
415,0.34901301135095514,0.12516449815202121,-5.224749238834344,-5.133515268535318
416,0.30171060529928223,0.13304823248934733,-5.2817060641139175,-5.138490673503114
417,0.23701638929797458,0.1438306018165808,-5.323895073585677,-5.145927381104103
418,0.15948281290485034,0.15675286454119652,-5.341563269276397,-5.157450890999538
419,0.08146078708884393,0.1697565355029116,-5.3262896019956,-5.174464711387008
420,0.021643274569908534,0.1797261209168926,-5.279713201689098,-5.196695653942372
421,-0.007155671801815372,0.1845259453093675,-5.216847334462771,-5.2216415076494505
422,-0.005581524738467779,0.18426358746562996,-5.154741132520666,-5.246460750475899
423,0.018617985053980414,0.18023033583591846,-5.103565892147804,-5.269458166375208
424,0.05734909121665924,0.17377515147925432,-5.067307083336939,-5.289969510348974
425,0.10427836658528188,0.1659536055890668,-5.04672710320355,-5.307867716211358
426,0.1547736738867888,0.1575377210437468,-5.041246144654847,-5.323249418477769
427,0.20540663167745724,0.14909889475024668,-5.049809045122497,-5.336290477576159
428,0.25351236597093163,0.14108127237269874,-5.071229905208424,-5.347188543406093
429,0.2968716500847506,0.13385472502462986,-5.1043007803029345,-5.356144940069067
430,0.3334867987508654,0.12775220025051975,-5.147790641797474,-5.36336483899972
431,0.36141728664456296,0.12309711893763105,-5.200380522382797,-5.369068068082798
432,0.3786532533252602,0.12022445782586469,-5.260540188409342,-5.373509666259745
433,0.3830227897175416,0.11949620176091115,-5.326324281499722,-5.377013859926602
434,0.37216088352334536,0.12130651945888311,-5.395038156398944,-5.380029756625604
435,0.34364322080034737,0.1260594632432645,-5.462695702645989,-5.3832217080998666
436,0.29557215781029217,0.13407130707024595,-5.523211232211138,-5.387603995687081
437,0.22826555405966054,0.145289074355445,-5.567575277040233,-5.394678197395393
438,0.14781816278087892,0.1586969728940524,-5.584558023024771,-5.406315948908458
439,0.06950472943993213,0.1717492117765624,-5.5665772863343,-5.423780947530609
440,0.012273974949554517,0.18128767085270306,-5.519152130901276,-5.4461533492736445
441,-0.01470253419473868,0.18578375570745082,-5.458659850715279,-5.4707036051408995
442,-0.014038833386528449,0.18567313890614726,-5.399827992801063,-5.494977123963019
443,0.00723064788268799,0.18212822536335493,-5.350813383623971,-5.517614434663244
444,0.042338685067223616,0.1762768858360275,-5.314996702656012,-5.538052090663236
445,0.08594135755426709,0.16900977375911164,-5.2933266517197,-5.556131974992667
446,0.1339755816373782,0.1610040697499506,-5.2856767952569825,-5.571875160244535
447,0.1832806527872223,0.15278655789645817,-5.291483642370631,-5.585375561568323
448,0.23126523676152122,0.144789127238761,-5.310016904604554,-5.596754893706642
449,0.27565408208082043,0.13739098635654595,-5.340472938075079,-5.606147097306691
450,0.3142941035422362,0.13095098278341674,-5.381975403979459,-5.61369822883551
451,0.3449958757919169,0.1258340207448015,-5.433510826256249,-5.619577200969907
452,0.3653952715816226,0.1224341214485093,-5.493792870240684,-5.6239984028205505
453,0.37283737175481596,0.12119377142037051,-5.561018870391026,-5.627262278644221
454,0.3643266277242239,0.12261222875797138,-5.632444344599069,-5.629826242125351
455,0.33670081446529015,0.12721653096509583,-5.703662776073017,-5.632424712728811
456,0.28747437821671606,0.13542093700171756,-5.767535613294742,-5.636247449040257
457,0.21729823224688738,0.1471169613231692,-5.813319751510445,-5.643084968517607
458,0.13456533377392588,0.1609057777272501,-5.8286456775944675,-5.654998856680597
459,0.05726319069188463,0.1737894682333746,-5.808169875717289,-5.67287969950029
460,0.0028258188164465813,0.18286236354063146,-5.761147452846393,-5.695184979149676
461,-0.02308296778386594,0.1871804946381534,-5.703672618445949,-5.7192323273863
462,-0.02393227420158181,0.18732204570768976,-5.648052210931404,-5.742970604475456
463,-0.005785875336191494,0.18429764589856346,-5.600966738136694,-5.765286392445471
464,0.02574558373117943,0.17904240272374752,-5.565452118254453,-5.785673704931206
465,0.06614073576937125,0.1723098773879937,-5.542670812361881,-5.803938798419906
466,0.1118232109382913,0.16469613153096818,-5.532900897961628,-5.820035326661156
467,0.15987876562451528,0.15668687242129042,-5.536018352441732,-5.833983960090272
468,0.20779956914659595,0.14870007183895673,-5.551714928449067,-5.845836073266078
469,0.2532753810441967,0.14112076986046423,-5.579579522264011,-5.855660183475138
470,0.29401683617811836,0.13433052734212259,-5.6190982454270975,-5.863541938793979
471,0.3275924889756921,0.1287345852124725,-5.66958619445433,-5.8695954898032
472,0.3512676950007576,0.12478871754394026,-5.730031914056104,-5.873989412384303
473,0.36185297101852837,0.12302450487534551,-5.798798024355071,-5.876996603183352
474,0.3556292585347478,0.12406179028870115,-5.8730678295593775,-5.879086511498717
475,0.32859601354906315,0.1285673311170086,-5.947878496389818,-5.881086276209778
476,0.27773903933059263,0.13704349348178718,-6.014734105230181,-5.88441188391841
477,0.20460101142168566,0.14923316479279597,-6.060951417438004,-5.891177207730449
478,0.12060232744813743,0.16323294544685102,-6.073866742797057,-5.903492862680697
479,0.045394063999299114,0.17576765601431282,-6.0516510256576295,-5.921663691377261
480,-0.00647622776417589,0.1844127046364932,-6.006166480222501,-5.943712658120836
481,-0.03202873307642458,0.18867145551937262,-5.952071449451928,-5.96719670575281
482,-0.03480933050058869,0.1891348884231284,-5.899537046904914,-5.990420648681012
483,-0.019870202243520235,0.18664503371507588,-5.854193865904653,-6.012446054685458
484,0.008166792331981573,0.18197220128856353,-5.818887552177787,-6.03279864947865
485,0.0454761271421992,0.1757539788238374,-5.7949931760083455,-6.0512492546800525
486,0.08891103095178841,0.16851482819314753,-5.783147772639344,-6.0676916977492255
487,0.1357930417529971,0.16070115973085772,-5.783624059788386,-6.082080525733261
488,0.18371075196451764,0.15271487470028375,-5.796510404817258,-6.094401010738537
489,0.23033969097384596,0.1449433848699493,-5.8217826820474405,-6.10465717371147
490,0.2732712280777191,0.13778812869016296,-5.859302569650966,-6.112872068290042
491,0.3098340289165733,0.1316943285539245,-5.908742152544793,-6.119100346988062
492,0.3368966447434801,0.12718389258541615,-5.969400131797892,-6.123458892960632
493,0.3506648557230213,0.12488919075683715,-6.039824420062269,-6.126189720765609
494,0.34657886948703037,0.1255701884624366,-6.117078421845891,-6.127782262984712
495,0.3197045574331784,0.13004924046878746,-6.195436102535895,-6.129190858719526
496,0.26670052119148796,0.13888324650389303,-6.264666857720284,-6.132120608704384
497,0.19082804199343603,0.15152865969615892,-6.3101830849419365,-6.139002780014049
498,0.10685303095954052,0.16552449486027415,-6.320406292546745,-6.151767121256409
499,0.034390686479987866,0.17760155226645652,-6.297538685333107,-6.170046598298612
500,-0.01537789363632995,0.18589631561431594,-6.25446817406293,-6.191693226014931
501,-0.04115767553116039,0.19019294592760344,-6.203915851945283,-6.214586822205098
502,-0.046134190551730604,0.1910223650972125,-6.1543230735743615,-6.237320494437571
503,-0.03441056299310596,0.1890684271719199,-6.1105748258693895,-6.25908007822629
504,-0.009765063400746793,0.1849608439089335,-6.075413362389083,-6.279408531311737
505,0.02457808648095168,0.1792369855986709,-6.050411172711931,-6.29804377209765
506,0.06586280012335388,0.17235619999563556,-6.036523490429251,-6.314826594985569
507,0.11164332997251643,0.16472611169191254,-6.034384889398146,-6.32965123766604
508,0.15961993530823257,0.1567300108073117,-6.044461684177739,-6.342439981045921
509,0.20747454939818233,0.14875424179699334,-6.067116919547981,-6.353132317661922
510,0.25269415477431756,0.14121764090538674,-6.102606778868663,-6.3616855502874365
511,0.2923637972054167,0.13460603383741085,-6.150995118158947,-6.36808903625261
512,0.3229155779603456,0.12951407038123958,-6.211930746873577,-6.372401307314952
513,0.3398558531172685,0.1266906911900734,-6.284160216877782,-6.3748312714968005
514,0.3376407839566254,0.1270598693832976,-6.364537525183339,-6.37590326262922
515,0.3103458978460809,0.13160901706572284,-6.446268472849902,-6.376749647201603
516,0.25474631280791304,0.1408756145666545,-6.516990447879223,-6.379430860545785
517,0.1768107803083945,0.15386486997563006,-6.5607298561645075,-6.3866091683446715
518,0.09414378506130518,0.16764270250873867,-6.568565456927954,-6.399771444060358
519,0.024633989652363388,0.1792276684034409,-6.546184877155541,-6.4179697498624035
520,-0.02356144596680236,0.1872602410019286,-6.506126838798175,-6.439114298760215
521,-0.05000365193304973,0.19166727532705424,-6.459154240586787,-6.461411274299689
522,-0.057323048031631726,0.1928871746761031,-6.412360235750472,-6.483678484276667
523,-0.048773001141341935,0.19146216686188977,-6.370089550812141,-6.505191807604423
524,-0.02740647181720366,0.18790107864328665,-6.335026535405892,-6.525503852677537
525,0.0040837610360540495,0.18265270650415225,-6.308919712594635,-6.544323198985693
526,0.04330666342718119,0.1761155561094614,-6.293006696794742,-6.561443577459618
527,0.08805187616322313,0.16865802065782404,-6.288255522142027,-6.5767036490767685
528,0.13614858875051114,0.16064190189797295,-6.295497649744065,-6.589964836985966
529,0.18530578156740463,0.1524490364332912,-6.315489242004374,-6.601101114120029
530,0.2329184727417499,0.1445135879088833,-6.348906631732246,-6.609999758344143
531,0.27581660115310086,0.13736389984451405,-6.396247911918493,-6.616577754159888
532,0.3099379069616357,0.13167701554642372,-6.457556387552587,-6.620827884069023
533,0.3299627835119509,0.12833953612332674,-6.531775968265622,-6.622926163132927
534,0.3291987390514928,0.1284668768666618,-6.615393841218046,-6.623458060157851
535,0.30077966274103934,0.1332033895822954,-6.700122729777053,-6.6238047879151205
536,0.2423792832251491,0.14293678616257396,-6.771197469620089,-6.626427207123719
537,0.16347649378230533,0.15608725106200924,-6.812424414459894,-6.634024258829941
538,0.08312374792206789,0.16947937536420188,-6.818644734086375,-6.647455748068297
539,0.01645560557762058,0.1805907324150992,-6.797737077583015,-6.665408566658978
540,-0.03064960169679924,0.18844160028956908,-6.761057452476716,-6.685990046681941
541,-0.05805341962494738,0.1930089032749176,-6.717627523499842,-6.707696577349341
542,-0.06777750169768221,0.19462958361942378,-6.673498260179578,-6.729519663740572
543,-0.06232858342435514,0.1937214305744014,-6.632608287347948,-6.750802868384013
544,-0.04412782609247996,0.19068797102086626,-6.597604657779599,-6.771105015817483
545,-0.015387735781659211,0.18589795597186942,-6.570388315386161,-6.790109282055894
546,0.0218500359066847,0.17969166069411527,-6.552447936676257,-6.807567554347956
547,0.06561783698398634,0.17239702718550584,-6.5450620527223435,-6.823266744181716
548,0.11389304858319928,0.16435115859035138,-6.549419868558271,-6.837008650718316
549,0.16443249416932143,0.15592791766426647,-6.566682810938342,-6.848599702832152
550,0.21454853652657124,0.1475752439429523,-6.5979810815008975,-6.857851533583611
551,0.26079381446772815,0.13986769762394227,-6.6442987315789495,-6.864600134417288
552,0.2985285500308127,0.13357857503377987,-6.706120761304174,-6.868764671977951
553,0.321441007851033,0.12975983206598066,-6.782557847607829,-6.870493366776969
554,0.3215252112432823,0.12974579816728066,-6.869467607592806,-6.870476615963456
555,0.2912400756841743,0.1347933207575078,-6.956537149677026,-6.870433234800085
556,0.23026804687511215,0.14495532555306387,-7.026717484660273,-6.873204721485227
557,0.1517043898820103,0.1580492683775753,-7.065243226876684,-6.881251973628417
558,0.07427656695251354,0.17095390552493012,-7.070831611350019,-6.894788785392236
559,0.01017834649576802,0.18163694226146146,-7.052147700755577,-6.91237097966498
560,-0.03622777052603145,0.1893712950938962,-7.0190408083544265,-6.932357004237435
561,-0.06478238585994685,0.19413039764676024,-6.979074685081666,-6.9534862339544885
562,-0.07691529392285817,0.19615254898939394,-6.937485598090244,-6.974885957624493
563,-0.07447989736733228,0.19574664956371077,-6.897891838797327,-6.995953126678275
564,-0.059338394616813325,0.19322306577343626,-6.862908940841255,-7.016251818843034
565,-0.03326001971775914,0.18887666995947391,-6.834566372922087,-7.035443789335623
566,0.002055011590833793,0.18299083141149047,-6.814576480459385,-7.053243647252951
567,0.04489310719541277,0.17585114881491068,-6.8045100428598975,-7.069389596027378
568,0.09340122395847328,0.16776646269247103,-6.805911955369618,-7.083624153118057
569,0.14540500330638093,0.1590991661395649,-6.820368194814231,-7.095682989054197
570,0.19813907115159404,0.1503101548371792,-6.849506545887037,-7.105294806387071
571,0.24784121538819842,0.14202646413593217,-6.89485957472333,-7.112204177427614
572,0.28917598714218073,0.13513733551430504,-6.957399273909379,-7.116249103411542
573,0.31462860834008716,0.1308952319838062,-7.036317180001934,-7.117564328245987
574,0.31476879300335997,0.13087186787327443,-7.126428279864355,-7.117014020786546
575,0.28200841067378885,0.13633193159167037,-7.214855096744564,-7.116744427157309
576,0.21921354286576406,0.14679774288687553,-7.283054190525161,-7.119846120709366
577,0.1422086657538279,0.1596318890646782,-7.319227287337803,-7.1282854804196205
578,0.06796488194128983,0.17200585302618418,-7.325141451331256,-7.141767995596785
579,0.006121877807237779,0.18231302037582017,-7.309199092843865,-7.158893264518623
580,-0.03987704607076323,0.18997950768432828,-7.27974040446486,-7.178271255087743
581,-0.06968919586884992,0.1949481993144314,-7.243136136940009,-7.198840175513807
582,-0.08419913070774622,0.1973665217861638,-7.203970529499088,-7.219835985925631
583,-0.08468632397220915,0.1974477206635267,-7.165595065292823,-7.240700105798424
584,-0.07251028058775989,0.19541838010064086,-7.130590597673222,-7.261002392907101
585,-0.04902304468056265,0.19150384078506832,-7.101091748300424,-7.280387076975183
586,-0.0155850265166587,0.1859308377610164,-7.07901048458269,-7.298535496768145
587,0.026359435795832133,0.17894009404636405,-7.066195872213062,-7.31513947467066
588,0.07515067855979521,0.17080822025713496,-7.064552152736209,-7.329881637092138
589,0.12870420715282002,0.1618826321635273,-7.076117792615239,-7.342422239622258
590,0.18417527245185444,0.1526374546191053,-7.103074414795109,-7.352397678437075
591,0.23742681504376792,0.14376219752565336,-7.147577547263088,-7.359448698872254
592,0.28226194120673354,0.13628967650287083,-7.211118774248227,-7.363326703556432
593,0.309712997042537,0.13171450053291767,-7.29278668682541,-7.36418359397704
594,0.3089777135668875,0.1318370477787874,-7.385760410913509,-7.363156182480266
595,0.27349692712240037,0.137750512182737,-7.474300397086932,-7.362867727302171
596,0.21002486325359904,0.14832918948800544,-7.53986266576068,-7.366408891705111
597,0.13550806334879956,0.16074865613152833,-7.574373305819915,-7.375125327540771
598,0.06447146191992574,0.17258808969607015,-7.581411432998515,-7.388420515520521
599,0.004591269949676507,0.182568121685264,-7.56853508687669,-7.405034782381731
600,-0.0412054044714185,0.19020090075097418,-7.542720769410884,-7.423805377799007
