Time,ke1,ke2,Ue1,Et
1,2.6019359960484122e-12,3.5700168150997115e-12,-1.2749987751839495e-09,-1.2688268223728015e-09
2,3.6624219698468086e-12,4.048975118525355e-12,-1.3189101838314207e-09,-1.3111987867430485e-09
3,4.44982710877385e-12,4.376912408172403e-12,-1.47506694735597e-09,-1.4662402078390237e-09
4,4.710601591445364e-12,4.481612896269547e-12,-1.8602613669450326e-09,-1.8510691524573177e-09
5,4.186947351860696e-12,4.269521828515104e-12,-3.060875906496942e-09,-3.052419437316566e-09
6,2.7483718152656886e-12,3.639418270187597e-12,-3.2615393278432734e-08,-3.260900548834728e-08
7,8.076147104171891e-13,2.552981633089077e-12,2.7268757337004924e-09,2.7302363300439984e-09
8,9.836593999993483e-14,1.2163506208497349e-12,1.1491818027210372e-09,1.1504965192818868e-09
9,3.4881438060930902e-12,2.194503548621456e-13,6.963306964192698e-10,7.00038290580225e-10
10,1.0855582648310674e-11,1.3033778111832078e-14,5.219330501494373e-10,5.328016665758599e-10
11,1.641194337372533e-11,1.78893703093713e-13,4.788533396351882e-10,4.954441767120072e-10
12,1.6216626268916605e-11,1.7064125837069978e-13,5.36047711592058e-10,5.524349791193453e-10
13,1.2271904627189638e-11,3.96897089584264e-14,7.176476202118283e-10,7.299592145479763e-10
14,7.691319579853967e-12,9.745417053090474e-15,1.145167739752714e-09,1.1528688047496212e-09
15,4.007495980413981e-12,1.7111617527639775e-13,2.4257954955451608e-09,2.429974107700851e-09
16,1.585196376071125e-12,5.139741199695732e-13,2.6172371953502094e-08,2.6174471123998134e-08
17,3.2480064682326876e-13,9.965175254406097e-13,-3.953959968856544e-09,-3.95263865068428e-09
18,3.4333801637130284e-15,1.5746347624393832e-12,-2.116973631056707e-09,-2.115395562914104e-09
19,3.909517826754906e-13,2.208746071824691e-12,-1.586619627442338e-09,-1.5840199295878378e-09
20,1.274252528614757e-12,2.862069714478651e-12,-1.3634706759069984e-09,-1.359334353663905e-09
21,2.4482586761059404e-12,3.4957994452599104e-12,-1.2738290582417123e-09,-1.2678850001203464e-09
22,3.693745311879392e-12,4.062403226790536e-12,-1.2744765461380013e-09,-1.2667203975993315e-09
23,4.748612284904973e-12,4.496731145103784e-12,-1.3740625605041039e-09,-1.3648172170740952e-09
24,5.281093423289779e-12,4.70500984926117e-12,-1.6520622919819045e-09,-1.6420761887093536e-09
25,4.899721089402096e-12,4.556489757465436e-12,-2.484393390977707e-09,-2.4749371801308397e-09
26,3.3218108005381537e-12,3.900584733813989e-12,-1.011173057679112e-08,-1.0104508181256768e-08
27,9.852945831913371e-13,2.6770150614404182e-12,3.0546890137081087e-09,3.0583513233527404e-09
28,1.1967012967410369e-13,1.1874381195182062e-12,1.137734807503154e-09,1.1390419157523462e-09
29,3.896355838458128e-12,1.8068804962513433e-13,6.730746056245251e-10,6.771516495126083e-10
30,1.1057919105478013e-11,1.6038502030742176e-14,5.120501852780268e-10,5.231241428855355e-10
31,1.559524223338168e-11,1.4537631152611673e-13,4.84174623234762e-10,4.999152417796697e-10
32,1.5051989788010486e-11,1.245760846256433e-13,5.528733296937367e-10,5.680498955663728e-10
33,1.158424154850757e-11,2.514622591058823e-14,7.353170265376021e-10,7.469264143120202e-10
34,7.585841953242721e-12,1.1344192949008616e-14,1.1293120582594277e-09,1.1369092444056194e-09
35,4.228066271826379e-12,1.532505992524214e-13,2.1674876849253576e-09,2.1718690017964365e-09
36,1.8639138394733368e-12,4.5368478497103677e-13,9.389456472083338e-09,9.391774070707782e-09
37,4.955274151478932e-13,8.902716512958803e-13,-5.512056590042907e-09,-5.510670790976463e-09
38,6.538964581078825e-15,1.4349899322074328e-12,-2.4411776422496487e-09,-2.4397361133528603e-09
39,2.501777087139596e-13,2.0595690379444126e-12,-1.7106142471546218e-09,-1.7083045004079634e-09
40,1.071989407842991e-12,2.734429003580344e-12,-1.4081237421749085e-09,-1.404317323763485e-09
41,2.3028276717000983e-12,3.4241387388079774e-12,-1.2703729229268134e-09,-1.2646459565163052e-09
42,3.7339534003957815e-12,4.079589327870736e-12,-1.2303016184376285e-09,-1.222488075709362e-09
43,5.076430151729145e-12,4.625702942738368e-12,-1.282209414384428e-09,-1.2725072812899605e-09
44,5.911284117269449e-12,4.9439640998616405e-12,-1.4801594990743475e-09,-1.4693042508572164e-09
45,5.6783311583823886e-12,4.856506175367325e-12,-2.08430123062426e-09,-2.0737663932905102e-09
46,3.901031996051736e-12,4.1504104786632616e-12,-6.070868779943993e-09,-6.062817337469278e-09
47,1.1044576095670445e-12,2.7554814453492803e-12,3.363251466948279e-09,3.367111406003195e-09
48,1.7243175641336846e-13,1.1265667353873402e-12,1.1095911196431499e-09,1.1108901181349505e-09
49,4.281944249350087e-12,1.4910467509058846e-13,6.505400148358338e-10,6.549710637602745e-10
50,1.0930309760666629e-11,1.4110413216005111e-14,5.075508718240519e-10,5.184952919979345e-10
51,1.4560992291666728e-11,1.0686758958930497e-13,4.94316268693106e-10,5.08984128574362e-10
52,1.3931763628833698e-11,8.577570563730174e-14,5.708808839950088e-10,5.848984233294797e-10
53,1.0983131005719589e-11,1.4894884371053867e-14,7.487284937074261e-10,7.597265195975168e-10
54,7.518028569503708e-12,1.2442562586895046e-14,1.1057857252489289e-09,1.1133161963810195e-09
55,4.459794461613627e-12,1.3599518041625185e-13,1.9523465413588337e-09,1.9569423310008636e-09
56,2.1587524237086847e-12,3.9828277586202093e-13,5.7647346989410215e-09,5.767291734140592e-09
57,6.969031729349585e-13,7.923039081767836e-13,-8.904760219032346e-09,-8.903271011951235e-09
58,4.744918092723402e-14,1.3041529097525952e-12,-2.8641107791210004e-09,-2.8627591770303205e-09
59,1.416458645466724e-13,1.917036797479997e-12,-1.8497004775694443e-09,-1.8476417949074177e-09
60,8.87970413831163e-13,2.61024239428889e-12,-1.4529667277586233e-09,-1.4494685149505032e-09
61,2.1637740752555634e-12,3.3541986099615968e-12,-1.2647721439457367e-09,-1.2592541712605196e-09
62,3.7833327977146294e-12,4.1006185772746844e-12,-1.1865601608073427e-09,-1.1786762094323535e-09
63,5.437469583888156e-12,4.765018193869307e-12,-1.198424574264281e-09,-1.1882220864865235e-09
64,6.605896185073058e-12,5.199313924424152e-12,-1.3363203551370982e-09,-1.324515145027601e-09
65,6.510578951798986e-12,5.164723651877935e-12,-1.7934808432464584e-09,-1.7818055406427814e-09
66,4.439595401167658e-12,4.3727682923651645e-12,-4.431341021939148e-09,-4.4225286582456155e-09
67,1.136170541515057e-12,2.775823734726941e-12,3.5697434558817827e-09,3.5736554501580246e-09
68,2.6084015747115246e-13,1.0453437330030847e-12,1.0675122415024555e-09,1.0688184253929298e-09
69,4.5593264486526146e-12,1.290302334530635e-13,6.317052290491567e-10,6.363935857312625e-10
70,1.0489441455101614e-11,8.333348276295198e-15,5.090268140632757e-10,5.195245888666536e-10
71,1.3418747911718908e-11,6.998987437475656e-14,5.083848850761297e-10,5.218736228622234e-10
72,1.288301750958907e-11,5.4942966566712076e-14,5.888758418076282e-10,6.018138022837839e-10
73,1.0452321818376465e-11,7.911321089760773e-15,7.581218379789574e-10,7.685820711184236e-10
74,7.475495488444525e-12,1.3160024878987094e-14,1.0781859812243477e-09,1.0856746367376712e-09
75,4.6987907021714885e-12,1.19699291332605e-13,1.7748378215900257e-09,1.7796563115835297e-09
76,2.4688154134403312e-12,3.4746840792859717e-13,4.189260877322311e-09,4.19207716114368e-09
77,9.280986496095014e-13,7.016163986858633e-13,-2.200758581201621e-08,-2.2005956096967913e-08
78,1.2493252506879513e-13,1.180752982102844e-12,-3.4411413188661447e-09,-3.439835633358973e-09
79,6.383318979385352e-14,1.7797375911797787e-12,-2.0076856501801835e-09,-2.00584207939921e-09
80,7.204742908545491e-13,2.4883403835432584e-12,-1.4982606632367174e-09,-1.4950518485623197e-09
81,2.029910158350351e-12,3.2854266606415075e-12,-1.257232984779864e-09,-1.2519176479608722e-09
82,3.8433889983235485e-12,4.126082715689782e-12,-1.143426632793473e-09,-1.1354571610794596e-09
83,5.837796865228793e-12,4.916479819526711e-12,-1.1218288627731173e-09,-1.1110745860883619e-09
84,7.36859275656569e-12,5.471479453797586e-12,-1.2148053526130115e-09,-1.2019652804026482e-09
85,7.371458874393487e-12,5.47248767611017e-12,-1.576033758639826e-09,-1.5631898120893224e-09
86,4.876384376816024e-12,4.547296013991626e-12,-3.590884231997217e-09,-3.5814605516064095e-09
87,1.0711910778158208e-12,2.733908402428334e-12,3.584978479541231e-09,3.5887835790214754e-09
88,3.7775062727362005e-13,9.604156541503569e-13,1.0182910768126686e-09,1.0196292430940927e-09
89,4.660737586352436e-12,1.2219674305504372e-13,6.19111146652846e-10,6.238940809822535e-10
90,9.805263837808615e-12,2.2504868057868566e-15,5.164856446946578e-10,5.262931590192722e-10
91,1.2251059642555532e-11,3.920702042869791e-14,5.253353283024017e-10,5.376255949653859e-10
92,1.1913513556151697e-11,3.174985730999692e-14,6.061382624435695e-10,6.180835258570313e-10
93,9.97748695391728e-12,3.435979814194671e-15,7.641886734286666e-10,7.741695963623981e-10
94,7.450190966355124e-12,1.3597409227950197e-14,1.0491139576812227e-09,1.0565777460568058e-09
95,4.943471356574018e-12,1.0447586307400687e-13,1.6281210840340209e-09,1.633169031253669e-09
96,2.7945935845899323e-12,3.008006605542889e-13,3.3102302234965576e-09,3.313325617741702e-09
97,1.1896148858391603e-12,6.172442706259879e-13,5.1503541802611024e-08,5.150534866176749e-08
98,2.391035956578375e-13,1.0635735817397417e-12,-4.2805667288366134e-09,-4.2792640516592155e-09
99,1.636664987551204e-14,1.6464772395103246e-12,-2.19012204609964e-09,-2.188459202210254e-09
100,5.686516940063802e-13,2.36784121497352e-12,-1.5444235191929795e-09,-1.5414870262839997e-09
101,1.901004538372332e-12,3.2177304965803163e-12,-1.2479714269387461e-09,-1.2428526919037935e-09
102,3.917478132051797e-12,4.157331464363478e-12,-1.101026542640818e-09,-1.0929517330444026e-09
103,6.285859336684082e-12,5.082624285779361e-12,-1.0516759536389735e-09,-1.0403074700165101e-09
104,8.199514703447832e-12,5.759682183723621e-12,-1.1115348734405448e-09,-1.0975756765533733e-09
105,8.216854061507029e-12,5.765613415871965e-12,-1.4114049216430813e-09,-1.3974224541657023e-09
106,5.14573960223236e-12,4.652660653990631e-12,-3.1325266806105154e-09,-3.1227282803542924e-09
107,9.286272692286951e-13,2.638457408768628e-12,3.385243257744474e-09,3.388810342422471e-09
108,4.995132200765683e-13,8.880962889533426e-13,9.70581611826334e-10,9.71969221335364e-10
109,4.561039890489935e-12,1.2891259499603704e-13,6.144227751474558e-10,6.191127276329417e-10
110,8.967306274053383e-12,7.064177978669382e-17,5.294360800387449e-10,5.384034569545781e-10
111,1.1110755288740284e-11,1.6869504705283187e-14,5.442288811472568e-10,5.553565059407023e-10
112,1.1021511924527383e-11,1.5476985667861407e-14,6.223757499302333e-10,6.334127388404285e-10
113,9.547571048941492e-12,9.32025159687103e-16,7.677480596854163e-10,7.772965627595175e-10
114,7.437508215826634e-12,1.3819602325539981e-14,1.0202194395931733e-09,1.0276707674113256e-09
115,5.194108322101195e-12,9.030108571781391e-14,1.5058783500754296e-09,1.5111627594832486e-09
116,3.137877056650202e-12,2.57810027158439e-13,2.7492944411123313e-09,2.75269012819614e-09
117,1.483282056127486e-12,5.383411035729747e-13,1.2101161434492289e-08,1.2103183057651989e-08
118,3.914181537171254e-13,9.51617992976753e-13,-5.626281147506977e-09,-5.6249381113602835e-09
119,1.3628525927315473e-18,1.5163454220002211e-12,-2.4052501615474986e-09,-2.403733814762646e-09
120,4.3252705005643795e-13,2.2482452759675415e-12,-1.5920080942147559e-09,-1.5893273218887319e-09
121,1.7779855655302831e-12,3.1516405629282372e-12,-1.2371595393714094e-09,-1.2322299132429508e-09
122,4.0114065365266085e-12,4.196692774792344e-12,-1.0594097010994127e-09,-1.0512016017880937e-09
123,6.792406625949442e-12,5.2666115472169504e-12,-9.87325917364525e-10,-9.752668991913585e-10
124,9.090311061554247e-12,6.060447468993656e-12,-1.0236155463126222e-09,-1.0084647877820743e-09
125,8.978849267133868e-12,6.023235501610325e-12,-1.2874533706453639e-09,-1.2724512858766197e-09
126,5.199347809637129e-12,4.673440380333462e-12,-2.9091769678060337e-09,-2.899304179616063e-09
127,7.495735288505473e-13,2.510247446459788e-12,3.0473040733142957e-09,3.050563894289606e-09
128,5.927955572813411e-13,8.401549959444065e-13,9.320569256241275e-10,9.334898761773533e-10
129,4.281042592307972e-12,1.4917337620179128e-13,6.183735488408622e-10,6.22803764809372e-10
130,8.057027671621919e-12,5.200478036665508e-15,5.471058988938131e-10,5.551681270434717e-10
131,1.0027541704375122e-11,3.8251563067034085e-15,5.643777059872743e-10,5.74409072847956e-10
132,1.0201741502604076e-11,5.33317562769494e-15,6.375810533244593e-10,6.477881280026911e-10
133,9.154874166318624e-12,1.86156650086934e-17,7.695396135645105e-10,7.786945063464942e-10
134,7.435510561691142e-12,1.3854781367049355e-14,9.923981496625184e-10,9.998475150055767e-10
135,5.452470544191444e-12,7.708506031657253e-14,1.4028118671920003e-09,1.4083414227965083e-09
136,3.5016360502230085e-12,2.1807226754148657e-13,2.35916318535892e-09,2.3628828936766845e-09
137,1.8121881061863403e-12,4.642370009256523e-13,6.9116266296582906e-09,6.913903054765403e-09
138,5.845874110504008e-13,8.441629705092662e-13,-8.164772827197824e-09,-8.163344076816264e-09
139,1.6509703133152874e-14,1.3887852428367274e-12,-2.665514199881249e-09,-2.664108904935279e-09
140,3.129333153421539e-13,2.129553831409315e-12,-1.6416195889572956e-09,-1.6391771018105441e-09
141,1.663192573573433e-12,3.088524616773581e-12,-1.2248503069971138e-09,-1.2200985898067668e-09
142,4.134133076007213e-12,4.247707751001671e-12,-1.0185288304304728e-09,-1.010146989603464e-09
143,7.369367841528872e-12,5.471752117787555e-12,-9.282452611914372e-10,-9.154041412321208e-10
144,1.0016086271101355e-11,6.3653048723842735e-12,-9.49079463905417e-10,-9.326980727619312e-10
145,9.569199457067357e-12,6.21905568134132e-12,-1.1971390948072287e-09,-1.1813508396688201e-09
146,5.031069446591388e-12,4.608003026145107e-12,-2.868191792877614e-09,-2.858552720404877e-09
147,5.781306822314318e-13,2.375711696206119e-12,2.6873265133827585e-09,2.690280355761196e-09
148,6.306098050504994e-13,8.221581421655083e-13,9.078251860216663e-10,9.092779539688823e-10
149,3.870461927347198e-12,1.82975484841693e-13,6.309014414698669e-10,6.349548788820558e-10
150,7.135973527197259e-12,1.970081955112486e-14,5.686973391197036e-10,5.758530134664519e-10
151,9.016029285560601e-12,2.588923683436263e-17,5.853608985646575e-10,5.94376953739455e-10
152,9.448262641452015e-12,5.736735610205538e-16,6.518932104643771e-10,6.613420467793901e-10
153,8.794375263540266e-12,4.100684656864955e-16,7.70139154189019e-10,7.78933939521025e-10
154,7.44407633110531e-12,1.3704285017241372e-14,9.660267400474003e-10,9.734845206635228e-10
155,5.72137434959954e-12,6.472851605130656e-14,1.3146745534859072e-09,1.320460656351558e-09
156,3.889796968295102e-12,1.8126537173574843e-13,2.0706900460027287e-09,2.0747611083427595e-09
157,2.1805260272443045e-12,3.944833446459082e-13,4.852488714130885e-09,4.855063723502775e-09
158,8.224107594149407e-13,7.407969311105474e-13,-1.4854676017477025e-08,-1.48531128097865e-08
159,6.844495774959301e-14,1.2636397526355805e-12,-2.990239751875448e-09,-2.988907667165063e-09
160,2.1128348476255896e-13,2.012360407670697e-12,-1.6937982487191662e-09,-1.6915746048267329e-09
161,1.5605248304458763e-12,3.0307707769712413e-12,-1.2109163243702563e-09,-1.2063250287628392e-09
162,4.298180161422905e-12,4.3151989761061136e-12,-9.782496196882265e-10,-9.696362405506975e-10
163,8.026291619235522e-12,5.7002498551845e-12,-8.740425869953516e-10,-8.603160455209316e-10
164,1.0925367146746507e-11,6.658094834026029e-12,-8.867449083414423e-10,-8.691614463606698e-10
165,9.898984798366373e-12,6.327139472121892e-12,-1.1367203165488734e-09,-1.1204941922783852e-09
166,4.686537676048929e-12,4.472023464909042e-12,-3.0030244060402263e-09,-2.993865844899268e-09
167,4.4417668166355975e-13,2.259029189994478e-12,2.3859086273224283e-09,2.3886118331940866e-09
168,6.047339874015222e-13,8.343915550607547e-13,9.004449257976275e-10,9.018840513400897e-10
169,3.3858787144577065e-12,2.301268783584545e-13,6.514530018709538e-10,6.5506900746377e-10
170,6.245144863296522e-12,4.439405119179134e-14,5.935617452725237e-10,5.99851284187012e-10
171,8.081861576827254e-12,4.946285731870299e-15,6.069646019761633e-10,6.150514098387225e-10
172,8.755621597446585e-12,5.253536289872916e-16,6.654904015501847e-10,6.742465485012603e-10
173,8.463018144183261e-12,1.872914869985075e-15,7.699370189570767e-10,7.7840191001613e-10
174,7.46427222129605e-12,1.3353043363311828e-14,9.411452934660416e-10,9.48622918730701e-10
175,6.004350370620682e-12,5.315824670326802e-14,1.238120778296685e-09,1.244178286914009e-09
176,4.3070406648520725e-12,1.4720169663998962e-13,1.8472013864173623e-09,1.8516556287788543e-09
177,2.5934025644653804e-12,3.288773774220018e-13,3.739989483392541e-09,3.7429117633344286e-09
178,1.1095075303684825e-12,6.414445721392001e-13,-8.505941474379443e-08,-8.505766379169192e-08
179,1.5874087693469383e-13,1.1411958442847477e-12,-3.4105506626928935e-09,-3.409250725971674e-09
180,1.292010650067935e-13,1.897964149604293e-12,-1.7488008056389019e-09,-1.7467736404242908e-09
181,1.4756489512241173e-12,2.9820042653060217e-12,-1.1949811516817482e-09,-1.190523498465218e-09
182,4.519622016334622e-12,4.405106956941598e-12,-9.383792083342888e-10,-9.294544793610126e-10
183,8.763162643262209e-12,5.950896216654777e-12,-8.24528571947669e-10,-8.098145130877521e-10
184,1.17340720009749e-11,6.913633936076539e-12,-8.36141019178433e-10,-8.174933132413816e-10
185,9.91239513332224e-12,6.331515705156746e-12,-1.1045826243447091e-09,-1.08833871350623e-09
186,4.2472347952914535e-12,4.294322672428503e-12,-3.3388418845372665e-09,-3.3303003270695464e-09
187,3.579398328178368e-13,2.176127333647359e-12,2.1735789803345117e-09,2.176113047500977e-09
188,5.259526791276328e-13,8.739462667750937e-13,9.105888450900857e-10,9.119887440359885e-10
189,2.8764057414105963e-12,2.900202925475938e-13,6.793334251535539e-10,6.824998511875121e-10
190,5.409217940014411e-12,7.92031383015549e-14,6.212566679734845e-10,6.267450890518005e-10
191,7.225604152632588e-12,1.7830802306778248e-14,6.291062833727514e-10,6.363497183276908e-10
192,8.119006344505826e-12,4.578661988535709e-15,6.78530426529878e-10,6.866540115363723e-10
193,8.15890687317148e-12,4.200455823675678e-15,7.691618479276767e-10,7.773249552566719e-10
194,7.497725295490299e-12,1.2782282800740229e-14,9.176028061048245e-10,9.251133136831155e-10
195,6.305264135697198e-12,4.2353678899238416e-14,1.1705499734297468e-09,1.1768975912443433e-09
196,4.758546596998724e-12,1.1584939797748755e-13,1.6675338359082234e-09,1.6724082319031997e-09
197,3.0565887950552804e-12,2.674736103363863e-13,3.038180319103019e-09,3.041504381508411e-09
198,1.4509383604366145e-12,5.463694889767565e-13,2.2384622589000063e-08,2.2386619896849478e-08
199,2.901014223723277e-13,1.0221944282575617e-12,-3.979323477451741e-09,-3.9780111816011105e-09
200,6.793169814499395e-14,1.7884457461533887e-12,-1.8063015703801143e-09,-1.804445192935816e-09
201,1.4161218735705357e-12,2.9472044844766185e-12,-1.1763913344502117e-09,-1.1720280080921645e-09
202,4.816564549410657e-12,4.523671109361048e-12,-8.98742672565401e-10,-8.894024369066293e-10
203,9.558638444165035e-12,6.21557941101464e-12,-7.798028287759228e-10,-7.640286109207431e-10
204,1.2334351893193482e-11,7.100643496185403e-12,-7.974168679631611e-10,-7.779818725737823e-10
205,9.615459110018116e-12,6.234271405969732e-12,-1.1001568954873001e-09,-1.0843071649713124e-09
206,3.8002470455088225e-12,4.107802637710543e-12,-3.926988995003183e-09,-3.919080945319964e-09
207,3.16197533137124e-13,2.1330225616418926e-12,2.052284018125502e-09,2.054733238220281e-09
208,4.1542843312189396e-13,9.366211697924398e-13,9.37927246687785e-10,9.392792962906993e-10
209,2.378243068670932e-12,3.6161088938786735e-13,7.139724991624751e-10,7.167123531205339e-10
210,4.641249580579349e-12,1.234897273850902e-13,6.515280320428291e-10,6.562927713507935e-10
211,6.444960140004933e-12,3.7832689766970435e-14,6.517682164213929e-10,6.582510092511648e-10
212,7.534105035138059e-12,1.2177131979482897e-14,6.911192714950329e-10,6.986655536621505e-10
213,7.880738860736345e-12,7.201541936838867e-15,7.679116146167968e-10,7.7579955501947e-10
214,7.546226950554657e-12,1.1979070104848237e-14,8.951502349494912e-10,9.027084409701507e-10
215,6.628074721181343e-12,3.235898146691573e-14,1.1099548156775514e-09,1.1166152493801997e-09
216,5.2497935441648475e-12,8.733634579221204e-14,1.5187052839884282e-09,1.5240424138783852e-09
217,3.5762368387409946e-12,2.105775175302007e-13,2.55165224866148e-09,2.5554390630177513e-09
218,1.851662176349824e-12,4.561598702016402e-13,9.77008780874896e-09,9.77239563079551e-09
219,4.641044730637712e-13,9.078338757808007e-13,-4.793038667196654e-09,-4.791666728847809e-09
220,2.7607313823087248e-14,1.686765778296867e-12,-1.8649205307408204e-09,-1.8632061576487003e-09
221,1.3916187451760246e-12,2.932728190289897e-12,-1.154222175279785e-09,-1.149897828344319e-09
222,5.20503081221531e-12,4.675639650614789e-12,-8.592965805187973e-10,-8.494159100559673e-10
223,1.0357157061375301e-11,6.475853181576775e-12,-7.403395887238701e-10,-7.23506578480918e-10
224,1.2625204626187414e-11,7.190493418837931e-12,-7.71159872053522e-10,-7.513441740084966e-10
225,9.077799164638108e-12,6.056276035994237e-12,-1.1228120402027076e-09,-1.1076779650020752e-09
226,3.410561761253334e-12,3.939685653431409e-12,-4.8279144141835744e-09,-4.82056416676889e-09
227,3.1148109231899695e-13,2.1280057211567903e-12,2.0146639206616753e-09,2.0171034074751512e-09
228,2.956079438851601e-13,1.01799876285929e-12,9.819416440795322e-10,9.832552507862766e-10
229,1.9149981652621333e-12,4.435228109864489e-13,7.550437794224356e-10,7.574023003986842e-10
230,3.946563425989414e-12,1.763149950699923e-13,6.842631517468176e-10,6.883860301678771e-10
231,5.735960143402274e-12,6.409710445526974e-14,6.749541732022126e-10,6.807542304500702e-10
232,6.996794663100592e-12,2.281521532780394e-14,7.033066952965237e-10,7.103263051749521e-10
233,7.62728288781544e-12,1.0700248627996198e-14,7.661945791429542e-10,7.738325622793976e-10
234,7.611350732068656e-12,1.0945382955361706e-14,8.735108523205453e-10,8.811331484355693e-10
235,6.976578198843145e-12,2.3289288087068146e-14,1.0548072902817017e-09,1.061807157768632e-09
236,5.7863400999350734e-12,6.194602043091283e-14,1.3923959651506778e-09,1.3982442512710437e-09
237,4.158538565200262e-12,1.5872499910943694e-13,2.1923592418390334e-09,2.196676505403343e-09
238,2.3158064233214372e-12,3.7168552253564366e-13,6.190276552808256e-09,6.192964044754113e-09
239,6.799821394254192e-13,7.997321467499539e-13,-6.046624511738195e-09,-6.045144797452019e-09
240,6.425717338711653e-15,1.5968077939894757e-12,-1.921640389105094e-09,-1.9200371555937657e-09
241,1.4139476726774733e-12,2.9459236339198768e-12,-1.1273961459661798e-09,-1.1230362746595824e-09
242,5.69019136191826e-12,4.860982706171728e-12,-8.202993881421279e-10,-8.097482140740379e-10
243,1.1064589667014428e-11,6.702397972758355e-12,-7.070309891680507e-10,-6.89264001528278e-10
244,1.2552692902589222e-11,7.168138159259382e-12,-7.580483846252773e-10,-7.383275535634286e-10
245,8.407088936436755e-12,5.830478161646783e-12,-1.170693825736725e-09,-1.1564562586386415e-09
246,3.1096095763704927e-12,3.805744310171915e-12,-6.039384495487637e-09,-6.032469141601095e-09
247,3.374717383491609e-13,2.1552708700084146e-12,2.054138499827735e-09,2.0566312424360927e-09
248,1.847523158805218e-13,1.1139674054838555e-12,1.0425290311534954e-09,1.0438277508748597e-09
249,1.5000989685658564e-12,5.342245937795557e-13,8.024924407896479e-10,8.045267643519933e-10
250,3.325465647939799e-12,2.3663102298936446e-13,7.19444739890222e-10,7.230068365611512e-10
251,5.093617466766409e-12,9.58186176931733e-14,6.98662887180404e-10,7.038523232648636e-10
252,6.5029403672420414e-12,3.604484382225784e-14,7.150903532826212e-10,7.216293384936856e-10
253,7.39711028940233e-12,1.4540652731863944e-14,7.639614448701819e-10,7.713730958123161e-10
254,7.694288127051326e-12,9.7023301389593e-15,8.524202119154869e-10,8.601242023726771e-10
255,7.354308904586856e-12,1.532684275709439e-14,1.0039599223092457e-09,1.0113295580565896e-09
256,6.373686484616042e-12,4.0101255226701763e-14,1.2830981027037764e-09,1.2895118904436192e-09
257,4.8093213997811776e-12,1.1264611922196807e-13,1.914945286835387e-09,1.9198672543543903e-09
258,2.845629959963078e-12,2.940343531949741e-13,4.497738181310034e-09,4.500877845623191e-09
259,9.32989310665914e-13,6.998837705622857e-13,-8.196710668785666e-09,-8.195077795704438e-09
260,6.708754120782837e-17,1.523415091275129e-12,-1.971119064372451e-09,-1.9695955821936347e-09
261,1.4965448341671045e-12,2.994100720206304e-12,-1.0949257850795907e-09,-1.0904351395252172e-09
262,6.2532794317095696e-12,5.070655673307733e-12,-7.824931542662042e-10,-7.711692191611869e-10
263,1.156538143034912e-11,6.86068229996872e-12,-6.811089710872637e-10,-6.626829073569458e-10
264,1.2133788045410348e-11,7.038400689028532e-12,-7.584055693365484e-10,-7.392333806021095e-10
265,7.710301233908564e-12,5.590972499855384e-12,-1.2395440098260076e-09,-1.2262427360922438e-09
266,2.9007521276883614e-12,3.710381748272007e-12,-7.337586723961006e-09,-7.330975590085046e-09
267,3.8989811489026077e-13,2.2077230568438924e-12,2.1695497898333205e-09,2.1721474110050547e-09
268,9.522579116100104e-14,1.220899405153194e-12,1.1203336965040867e-09,1.1216498217004008e-09
269,1.139645314080294e-12,6.32185770516817e-13,8.565171077977642e-10,8.582889388823613e-10
270,2.775140294258792e-12,3.0341641132137606e-13,7.57117584804992e-10,7.601961415105722e-10
271,4.512306707231822e-12,1.3228814937620548e-13,7.228796781293757e-10,7.275242729859838e-10
272,6.04821716640819e-12,5.148956886173179e-14,7.264317257874561e-10,7.32531432522726e-10
273,7.188370051547411e-12,1.8594908759199195e-14,7.611385509221729e-10,7.683455158824795e-10
274,7.795699268055343e-12,8.292313063592037e-15,8.316564044527794e-10,8.394603960338983e-10
275,7.764452769131637e-12,8.714000581004735e-15,9.565721379030835e-10,9.64345304672796e-10
276,7.0171401162482916e-12,2.2343719626406057e-14,1.1870787500013142e-09,1.1941182338371889e-09
277,5.533537164219354e-12,7.321433766934085e-14,1.6937623364631168e-09,1.6993690879650054e-09
278,3.4401218746806073e-12,2.2441252863727968e-13,3.5138288164704672e-09,3.517493350873785e-09
279,1.2124654952509633e-12,6.105746847103366e-13,-1.2604664418037115e-08,-1.2602841377857154e-08
280,1.84928004859276e-15,1.4722599169796883e-12,-2.0053146038176157e-09,-2.0038404946205874e-09
281,1.651905891102248e-12,3.082238065516882e-12,-1.0563536280195106e-09,-1.0516194840628914e-09
282,6.839236880382836e-12,5.283430710406702e-12,-7.472428973957591e-10,-7.351202298049696e-10
283,1.176009559565763e-11,6.921786756227333e-12,-6.638905827509585e-10,-6.452087003990735e-10
284,1.1450168732925364e-11,6.824413020205371e-12,-7.718094982942447e-10,-7.53534916541114e-10
285,7.063096423823311e-12,5.363409998112001e-12,-1.321605350751126e-09,-1.3091788443291908e-09
286,2.77194785264483e-12,3.650478766996447e-12,-8.195475255061773e-09,-8.189052828442132e-09
287,4.656562769590575e-13,2.2786137603466803e-12,2.368257235510832e-09,2.3710015055481376e-09
288,3.3911284004381516e-14,1.3357446475969302e-12,1.2169687618677511e-09,1.2183384177993525e-09
289,8.348044516244827e-13,7.360205221730613e-13,9.175552420505359e-10,9.191260670243335e-10
290,2.2909175821279308e-12,3.7577839325729406e-13,7.973705100119738e-10,8.00037205987359e-10
291,3.986052930056004e-12,1.7293231739150776e-13,7.475764738941235e-10,7.51735459141571e-10
292,5.628098782535598e-12,6.885936864922482e-14,7.372709703294887e-10,7.429679284806736e-10
293,6.998783991659122e-12,2.2768866152463412e-14,7.576498216511758e-10,7.646713745089875e-10
294,7.915777434539804e-12,6.776083840599335e-15,8.110517454405749e-10,8.189742989589553e-10
295,8.209947761015158e-12,3.741658725361809e-15,9.12043581288405e-10,9.202572707081455e-10
296,7.721772125854306e-12,9.308332989044125e-15,1.1017590009376339e-09,1.1094900813964771e-09
297,6.3345610177628395e-12,4.1380217246629235e-14,1.5132788915833598e-09,1.5196548328183692e-09
298,4.093002938420927e-12,1.6401615176294877e-13,2.8745263890843585e-09,2.878783408174542e-09
299,1.4997762121557559e-12,5.343032332494453e-13,-2.583289457296862e-08,-2.5830860493523217e-08
300,4.369785265586291e-15,1.4494623709295705e-12,-2.013990010731578e-09,-2.0125361785753825e-09
301,1.8853452834875665e-12,3.2094014642933696e-12,-1.012293632881676e-09,-1.0071988861338951e-09
302,7.357642766974294e-12,5.467626594497751e-12,-7.164962438645942e-10,-7.036709745031221e-10
303,1.160318349272802e-11,6.872563956934718e-12,-6.564017456117452e-10,-6.379259981620825e-10
304,1.0615386047752791e-11,6.558964912679562e-12,-7.968618610855442e-10,-7.796875101251118e-10
305,6.501427362811507e-12,5.161395391200438e-12,-1.4059492100361495e-09,-1.3942863872821376e-09
306,2.705974718700822e-12,3.6194506423428475e-12,-8.169921235756997e-09,-8.163595810395954e-09
307,5.618921300065299e-13,2.362196610334498e-12,2.670033284930617e-09,2.672957373670958e-09
308,3.5302343826054953e-15,1.456044762594479e-12,1.3352256393257607e-09,1.3366852143227378e-09
309,5.837245721337586e-13,8.445864743173215e-13,9.862833886565121e-10,9.877116997029632e-10
310,1.8671892489759906e-12,4.5302560247921976e-13,8.403341159373763e-10,8.426543307888315e-10
311,3.508763952817605e-12,2.1734704969431626e-13,7.727227998032736e-10,7.764489108057854e-10
312,5.237874514489032e-12,8.796544386544476e-14,7.475467306194189e-10,7.528725705777733e-10
313,6.825662302079023e-12,2.7005988870767676e-14,7.534374549416152e-10,7.60290123232565e-10
314,8.05433501049466e-12,5.228445900681972e-15,7.904999011217602e-10,7.985594645781555e-10
315,8.693625962442183e-12,7.401078399766555e-16,8.699614985020937e-10,8.786558645723759e-10
316,8.492360054809204e-12,1.6990999092649496e-15,1.0253273102674848e-09,1.0338213694222033e-09
317,7.213167433823726e-12,1.8084023055067905e-14,1.3635743384212714e-09,1.3708055898781502e-09
318,4.7900790562318785e-12,1.13852798979987e-13,2.4306193984035628e-09,2.435523330258775e-09
319,1.7670596290550362e-12,4.736680881416885e-13,-4.993463416823548e-07,-4.993441009546376e-07
320,3.0102590211765686e-15,1.4605310006738301e-12,-1.9871450909842043e-09,-1.9856815497245093e-09
321,2.1845840852794315e-12,3.36475914871278e-12,-9.649149592758835e-10,-9.593656160418912e-10
322,7.704751106160807e-12,5.5890428609009894e-12,-6.924818726637199e-10,-6.791880786966581e-10
323,1.1119660386314819e-11,6.71988581386241e-12,-6.590698623897076e-10,-6.412303161895304e-10
324,9.734161441596433e-12,6.273232778022321e-12,-8.310511998219347e-10,-8.150438056023159e-10
325,6.031133123968385e-12,4.98858593693858e-12,-1.4810663716783357e-09,-1.4700466526174287e-09
326,2.6861573876033156e-12,3.6100826818126073e-12,-7.39897639460106e-09,-7.392680154531644e-09
327,6.757070743726171e-13,2.4539504842530773e-12,3.115316168158857e-09,3.1184458257174824e-09
328,4.068506005864296e-15,1.5799565861418643e-12,1.4794380587030266e-09,1.4810220837951742e-09
329,3.8292120703390407e-13,9.570642045210622e-13,1.0636532422124365e-09,1.0649932276239915e-09
330,1.4980635347331913e-12,5.34720764972204e-13,8.861918321947311e-10,8.882246164944365e-10
331,3.074479438113251e-12,2.6532052350884794e-13,7.982989772383597e-10,8.016387771999818e-10
332,4.8728086502000914e-12,1.087271366476909e-13,7.572101526618122e-10,7.621916884486599e-10
333,6.666114878892569e-12,3.1284503056327815e-14,7.484709651122593e-10,7.551683644942083e-10
334,8.21111930962218e-12,3.7314555650487336e-15,7.699500577680334e-10,7.781649085332207e-10
335,9.218574911984438e-12,7.403924987109525e-17,8.300514373796722e-10,8.392700863309065e-10
336,9.333338415517651e-12,2.6556876947310237e-16,9.564894540892034e-10,9.658230580734906e-10
337,8.165899535402289e-12,4.1359455368894304e-15,1.2380529949487782e-09,1.2462230304297173e-09
338,5.50579593480874e-12,7.452449079854778e-14,2.1100445622720814e-09,2.1156248826976887e-09
339,1.9782939687400913e-12,4.312738833683093e-13,3.5338647549464615e-08,3.5341057117316724e-08
340,4.581986602587984e-17,1.5083763454150893e-12,-1.9194714364867046e-09,-1.9179630143214234e-09
341,2.510904068651617e-12,3.5262326984673878e-12,-9.179760972980503e-10,-9.119389605309312e-10
342,7.798971719458804e-12,5.621752221437424e-12,-6.772003018100958e-10,-6.637795778691995e-10
343,1.039151552324294e-11,6.486940137904526e-12,-6.716062205052056e-10,-6.547277648440581e-10
344,8.877909549868315e-12,5.9894363146613614e-12,-8.709608468732073e-10,-8.560935010086775e-10
345,5.641888704966359e-12,4.842734908912954e-12,-1.538454733058216e-09,-1.5279701094443366e-09
346,2.6985220606486544e-12,3.615930268958572e-12,-6.356772717515461e-09,-6.3504582651858535e-09
347,8.042380014859086e-13,2.550528675451957e-12,3.784739195600043e-09,3.788093962276981e-09
348,3.402469782216905e-14,1.7062310354841488e-12,1.6561070462371416e-09,1.657847301970448e-09
349,2.283081950431798e-13,1.0729968123084745e-12,1.150967163104041e-09,1.1522684681113926e-09
350,1.177870020942928e-12,6.207114975357093e-13,9.352057615030513e-10,9.3700434302153e-10
351,2.6775950500437257e-12,3.168472568512761e-13,8.243156622924196e-10,8.273101045993146e-10
352,4.528298275465143e-12,1.3117366311440363e-13,7.66239879410631e-10,7.708993513492106e-10
353,6.51726544809131e-12,3.561099701508417e-14,7.427539645757738e-10,7.493068410208802e-10
354,8.386163427608919e-12,2.3699503468629413e-15,7.493993753137944e-10,7.577879086917502e-10
355,9.788541179229277e-12,2.148203983217504e-15,7.92138207019388e-10,8.019288964026005e-10
356,1.024852411888543e-11,5.77827596624393e-15,8.943049100299468e-10,9.045592124247985e-10
357,9.182497558282257e-12,3.815226054003547e-17,1.1321978234665569e-09,1.1413803591770996e-09
358,6.199702009795121e-12,4.597489480270764e-14,1.874225496013055e-09,1.880471172917653e-09
359,2.0953920838574524e-12,4.095547305204841e-13,2.0337703259917798e-08,2.0340208206732177e-08
360,5.463808764951175e-15,1.5903729913370178e-12,-1.8151648196455479e-09,-1.8135689828454459e-09
361,2.8013273697018486e-12,3.664219607874046e-12,-8.761912328771262e-10,-8.697256858995503e-10
362,7.610921306933483e-12,5.5563655213118306e-12,-6.719999490973199e-10,-6.588326622690746e-10
363,9.521433652926688e-12,6.203325490886275e-12,-6.929865658737055e-10,-6.772618067298925e-10
364,8.082999326029303e-12,5.719742091170839e-12,-9.129730796308055e-10,-8.991703382136053e-10
365,5.3179549395857084e-12,4.71920000432717e-12,-1.5746717347049396e-09,-1.5646345797610266e-09
366,2.7323786914267877e-12,3.631897807266454e-12,-5.375981197876467e-09,-5.369616921377774e-09
367,9.449735641049648e-13,2.6496688117445366e-12,4.852328124965512e-09,4.855922767341361e-09
368,9.137039268771749e-14,1.834200501068796e-12,1.8750656818246843e-09,1.8769912527184407e-09
369,1.1591322475796357e-13,1.1923129736447644e-12,1.2500169210017558e-09,1.2513251472001584e-09
370,9.015431905168867e-13,7.111430050053969e-13,9.87754510717111e-10,9.893671969126334e-10
371,2.3131112206953112e-12,3.7212659271075833e-13,8.508306618731741e-10,8.535158996865801e-10
372,4.200144129506292e-12,1.554321206151508e-13,7.746477788108572e-10,7.790033550609787e-10
373,6.376653944082022e-12,4.000523072873373e-14,7.363195961186226e-10,7.427362552934334e-10
374,8.580394081412984e-12,1.2298804457058243e-15,7.288769442715176e-10,7.374585682333762e-10
375,1.040851891725444e-11,7.4264915900838e-15,7.561111596092995e-10,7.665271050181441e-10
376,1.124040813735496e-11,1.898865794808345e-14,8.38082205070135e-10,8.49341601865438e-10
377,1.0241872158825678e-11,5.713962864466692e-15,1.0428814561777081e-09,1.0531290422993982e-09
378,6.814399651708493e-12,2.72960994452173e-14,1.7013509046787025e-09,1.7081926004298563e-09
379,2.090621342533154e-12,4.104167345888135e-13,1.7430441069563606e-08,1.7432942107640728e-08
380,3.055614352299669e-14,1.6959495474388212e-12,-1.6890282969691401e-09,-1.6873017912781784e-09
381,2.9864829052315216e-12,3.749781147898729e-12,-8.440723370242158e-10,-8.373360729710856e-10
382,7.171417137870416e-12,5.401867373063766e-12,-6.774389398725291e-10,-6.64865655361595e-10
383,8.59908537438158e-12,5.895565307861233e-12,-7.215735371269213e-10,-7.070788864446785e-10
384,7.36103595043083e-12,5.46882068003128e-12,-9.541145233412768e-10,-9.412846667108147e-10
385,5.04394600870221e-12,4.613032138668802e-12,-1.590970901279843e-09,-1.581313923132472e-09
386,2.7800739637002477e-12,3.654284030243636e-12,-4.569418371252248e-09,-4.562984013258304e-09
387,1.0960161417761108e-12,2.750030349222772e-12,6.761152577130307e-09,6.764998623621306e-09
388,1.7423114448699052e-13,1.9637261162779733e-12,2.1516203199480583e-09,2.1537582772088234e-09
389,4.23866305025411e-14,1.3153176176633744e-12,1.363307432207045e-09,1.364665136455211e-09
390,6.64919571706174e-13,8.064523388357099e-13,1.0443873695059377e-09,1.0458587414164795e-09
391,1.9768427458894324e-12,4.3155060235908196e-13,8.779681936231334e-10,8.803765869713819e-10
392,3.884787311935967e-12,1.8170727846624894e-13,7.824829636565233e-10,7.865494582469255e-10
393,6.242626046507746e-12,4.4480800873195883e-14,7.292242479736382e-10,7.355113548210191e-10
394,8.796270392852898e-12,4.0480266359391485e-16,7.084294394049679e-10,7.172261146004845e-10
395,1.1085213677137363e-11,1.6465415340962612e-14,7.218999721282458e-10,7.330016512207242e-10
396,1.2308405980396756e-11,4.0541051070982175e-14,7.873149565201932e-10,7.99663903551661e-10
397,1.1306559774345359e-11,2.0113198545800675e-14,9.679662580085788e-10,9.7929293098147e-10
398,7.279194084346132e-12,1.6762493879329404e-14,1.5790276424528572e-09,1.5863235990310827e-09
399,1.9621584934127477e-12,4.343613393283811e-13,1.992424127527232e-08,1.992663779510506e-08
400,7.692394704477172e-14,1.8067433384260706e-12,-1.5617975472025932e-09,-1.5599138799171225e-09
401,3.0166950918148773e-12,3.763579722909028e-12,-8.249765139014247e-10,-8.181962390867008e-10
402,6.551532359994039e-12,5.179602155372793e-12,-6.933245878964708e-10,-6.81593453381104e-10
403,7.686362020106972e-12,5.58264685292211e-12,-7.554828749873363e-10,-7.422138661143072e-10
404,6.710392436743125e-12,5.237080827021982e-12,-9.925257637064539e-10,-9.805782904426888e-10
405,4.807329780364918e-12,4.520016442407449e-12,-1.5913419730471378e-09,-1.5820146268243655e-09
406,2.8366327085223434e-12,3.680670834222568e-12,-3.937388696835736e-09,-3.9308713932929914e-09
407,1.256308983157532e-12,2.8510628438193184e-12,1.1050343043559771e-08,1.1054450415386748e-08
408,2.813382299473344e-13,2.095150569998404e-12,2.5107768537315215e-09,2.5131533425314673e-09
409,5.3321962519912214e-15,1.4426703392150454e-12,1.4944203535218478e-09,1.4958683560573148e-09
410,4.649607278011985e-13,9.073452638655314e-13,1.1058921598231102e-09,1.107264465814777e-09
411,1.6656362626948693e-12,4.95672120386379e-13,9.059304290528471e-10,9.080917374359284e-10
412,3.579630494906078e-12,2.1024154114652094e-13,7.898240961571556e-10,7.936139681932082e-10
413,6.1149090906116145e-12,4.901479126395154e-14,7.215315914473792e-10,7.276955153292548e-10
414,9.038674253797598e-12,1.2600280989831419e-17,6.881029820503628e-10,6.971416689044414e-10
415,1.1827338270111332e-11,2.995645143298167e-14,6.894574792565676e-10,7.013147739781118e-10
416,1.3445354170145749e-11,7.077613998675177e-14,7.416518375195169e-10,7.551679678296494e-10
417,1.2316555050676035e-11,4.073217634489701e-14,9.060928547305716e-10,9.184501419575925e-10
418,7.524213050447155e-12,1.2340081375631907e-14,1.50082738077442e-09,1.5083639339062427e-09
419,1.7415179091426074e-12,4.791018939999364e-13,3.751692068976122e-08,3.7519141309564366e-08
420,1.308051528363892e-13,1.9004671725649445e-12,-1.4524694304930933e-09,-1.450438158167692e-09
421,2.8815779863846778e-12,3.701519290422791e-12,-8.208467758357939e-10,-8.142636785589864e-10
422,5.831696901445049e-12,4.9141941297749276e-12,-7.188432826810637e-10,-7.080973916498437e-10
423,6.8188743579672406e-12,5.276121281129728e-12,-7.930277952738573e-10,-7.809327996347603e-10
424,6.124149414364467e-12,5.023049160934422e-12,-1.0274639374839925e-09,-1.0163167389086936e-09
425,4.598891724865557e-12,4.436974623466858e-12,-1.5805286163396302e-09,-1.5714927499912978e-09
426,2.8992370715062238e-12,3.7096821586694934e-12,-3.44712573635024e-09,-3.4405168171200643e-09
427,1.42570217876465e-12,2.952839995927139e-12,2.914893752286437e-08,2.9153316065039062e-08
428,4.1228462633812573e-13,2.2292190262749914e-12,2.9961329328240336e-09,2.998774436476647e-09
429,3.5145590177669768e-15,1.575340430176744e-12,1.6486047314700326e-09,1.650183586459227e-09
430,2.9990391733036547e-13,1.0147584555679501e-12,1.1733864699693854e-09,1.1747011323422837e-09
431,1.3775178037981063e-12,5.651604492823699e-13,9.35008051643284e-10,9.369507298963645e-10
432,3.28328250375298e-12,2.4126193094276236e-13,7.967689019072792e-10,8.00293446341975e-10
433,5.995146601760846e-12,5.351251369252558e-14,7.132972135687916e-10,7.19345872684245e-10
434,9.31572513343209e-12,2.285807900885205e-16,6.679307783402838e-10,6.772467320545059e-10
435,1.2645004528987048e-11,4.8752722300623686e-14,6.587548306629945e-10,6.714485879142822e-10
436,1.4631252177155922e-11,1.0933603079432045e-13,7.008908218455531e-10,7.156314100535034e-10
437,1.3186587941570438e-11,6.32838343958965e-14,8.565569889403682e-10,8.698068607163346e-10
438,7.506379259989987e-12,1.263686646725844e-14,1.4643851985248035e-09,1.4719042146512608e-09
439,1.4836502118971525e-12,5.382505662440105e-13,-9.001620146400567e-08,-9.001417956322753e-08
440,1.6954715778367163e-13,1.95726795596959e-12,-1.3735051923894097e-09,-1.3713783772756563e-09
441,2.6091125413321277e-12,3.573447112415877e-12,-8.324450254880546e-10,-8.262624658343066e-10
442,5.07965593798225e-12,4.626959927892616e-12,-7.52868060685547e-10,-7.431614448196721e-10
443,6.013740489932799e-12,4.982125650455051e-12,-8.329928171724302e-10,-8.219969510320423e-10
444,5.594470712330608e-12,4.824778772111683e-12,-1.0589881668765654e-09,-1.048568917392123e-09
445,4.4124694488735155e-12,4.361767919063227e-12,-1.5627142032369798e-09,-1.553939965869043e-09
446,2.966808372756148e-12,3.740771502991987e-12,-3.063970537896491e-09,-3.0572629580207427e-09
447,1.6049676740813233e-12,3.0559305279324233e-12,-4.874382893923705e-08,-4.873916804103504e-08
448,5.676530333140014e-13,2.3670089759311467e-12,3.6908352038051584e-09,3.6937698658144034e-09
449,3.6961124411371336e-14,1.7145546753458056e-12,1.8337747287990512e-09,1.8355262445988084e-09
450,1.6934588602790548e-13,1.1298037133740337e-12,1.2484325441034653e-09,1.2497316937028673e-09
451,1.1118128171229106e-12,6.407295536400902e-13,9.655779403499322e-10,9.673304827206951e-10
452,2.9958491393041846e-12,2.748965291848805e-13,8.034105533621294e-10,8.066812990306184e-10
453,5.887609458139573e-12,5.776011506378896e-14,7.045463919870422e-10,7.104917615602455e-10
454,9.63964900097488e-12,1.3393617960543215e-15,6.479219414016181e-10,6.575629297643891e-10
455,1.3547569383426858e-11,7.3830254092876e-14,6.297873856928686e-10,6.434087853303884e-10
456,1.5824060725145378e-11,1.545015029360986e-13,6.64997325969736e-10,6.809758881978175e-10
457,1.3814214899310796e-11,8.204374068627957e-14,8.192395612419872e-10,8.331358198819844e-10
458,7.235036979800428e-12,1.7640077619138122e-14,1.4700578942916503e-09,1.47731057134907e-09
459,1.2446567959546092e-12,6.013448785266793e-13,-1.7444174588415967e-08,-1.7442328586741486e-08
460,1.7591176839531793e-13,1.9660246769896444e-12,-1.3309288174581641e-09,-1.3287868810127791e-09
461,2.2481045844317483e-12,3.3967877242582932e-12,-8.596908166805943e-10,-8.540459243719043e-10
462,4.343152859241576e-12,4.3335669494931535e-12,-7.943334389965604e-10,-7.856567191878257e-10
463,5.277108468006516e-12,4.703474127009312e-12,-8.746853848482721e-10,-8.647048022532563e-10
464,5.1143848945752795e-12,4.640478265533662e-12,-1.0875936035063248e-09,-1.0778387403462159e-09
465,4.2442575297684855e-12,4.2931003624233175e-12,-1.541022485713668e-09,-1.532485127821476e-09
466,3.039528721453862e-12,3.773979269366451e-12,-2.7598145825667637e-09,-2.7530010745759432e-09
467,1.7956915795123816e-12,3.1612478946217242e-12,-1.350407721696774e-08,-1.3499120277493606e-08
468,7.490275591092461e-13,2.509839497760153e-12,4.774911601448692e-09,4.778170468505562e-09
469,1.0698033023809845e-13,1.861730396615702e-12,2.0622800721604185e-09,2.0642487828872724e-09
470,7.424083877883224e-14,1.2536991414165852e-12,1.3331984306111303e-09,1.3345263705913257e-09
471,8.691436943406411e-13,7.230474622471051e-13,9.98096366172993e-10,9.996885573295807e-10
472,2.7190886905801637e-12,3.1106906537480954e-13,8.098112462584785e-10,8.128414040144334e-10
473,5.7998050478829904e-12,6.137888876283207e-14,6.952562510219985e-10,7.011174349586443e-10
474,1.0027040326324699e-11,3.821159538272935e-15,6.280613657653405e-10,6.380922272512035e-10
475,1.4538301901331154e-11,1.0607516885062327e-13,6.02596243614948e-10,6.172406206851298e-10
476,1.6949882645476775e-11,2.0236018676564448e-13,6.341335086216048e-10,6.512857514538473e-10
477,1.4106233004902199e-11,9.143764185893138e-14,7.944902423295309e-10,8.08687912976292e-10
478,6.777388114654442e-12,2.8262108746134037e-14,1.5192174092163608e-09,1.5260230594397614e-09
479,1.0633506893474991e-12,6.560061304327517e-13,-9.659306249232148e-09,-9.657586892412368e-09
480,1.4805884677781003e-13,1.9265735954779995e-12,-1.3269569279077417e-09,-1.3248822954654858e-09
481,1.848859560743006e-12,3.1899021519518562e-12,-9.021461615673935e-10,-8.971073998546986e-10
482,3.65167062238095e-12,4.044358001809142e-12,-8.425003270618024e-10,-8.348042984376123e-10
483,4.609332669829314e-12,4.441160025255796e-12,-9.178335752546477e-10,-9.087830825595626e-10
484,4.678296920269297e-12,4.468736246131689e-12,-1.1138982674154833e-09,-1.1047512342490823e-09
485,4.092171177862104e-12,4.230316707853708e-12,-1.5174710396421255e-09,-1.5091485517564097e-09
486,3.11848526738297e-12,3.8097511143385485e-12,-2.51359503624947e-09,-2.5066667998677485e-09
487,2.0001639071676994e-12,3.269938451693042e-12,-7.901698839772027e-09,-7.896428737413167e-09
488,9.589476581912141e-13,2.6591951741560527e-12,6.722876993722938e-09,6.726495136555285e-09
489,2.161041232563386e-13,2.0184043245919213e-12,2.3542603775000295e-09,2.356494885947878e-09
490,1.6807230370301637e-14,1.3876764031714011e-12,1.4306774210188892e-09,1.4320819046524309e-09
491,6.513382028306847e-13,8.126017441636111e-13,1.0330712909207161e-09,1.0345352308677105e-09
492,2.456571405073319e-12,3.4934853460533055e-13,8.159611411249513e-10,8.187670610646299e-10
493,5.7432075659591925e-12,6.37848152093884e-14,6.853355083478709e-10,6.911425007290395e-10
494,1.0498178434076034e-11,8.43416590031327e-15,6.083177995579621e-10,6.188244121579384e-10
495,1.5604759547073134e-11,1.4575163291175967e-13,5.773045507666624e-10,5.930550619466473e-10
496,1.790026473949953e-11,2.463359638385485e-13,6.086881530537864e-10,6.268347537571245e-10
497,1.4017350787604766e-11,8.853499910124111e-14,7.828993021061975e-10,7.970051878929035e-10
498,6.2358595979043745e-12,4.4714347974427906e-14,1.6117015309569418e-09,1.6179821049028205e-09
499,9.557116977236902e-13,6.919204924432427e-13,-7.104752714534111e-09,-7.103105082343944e-09
500,9.852633183606213e-14,1.8470654284604276e-12,-1.362418802813326e-09,-1.3604732110530294e-09
501,1.4521112967585986e-12,2.968305141254885e-12,-9.59545115157389e-10,-9.551246987193755e-10
502,3.021247684400612e-12,3.765655181702654e-12,-8.970516980482264e-10,-8.902647951821232e-10
503,4.007931481616629e-12,4.195241506081936e-12,-9.624420924132397e-10,-9.542389194255412e-10
504,4.281796122759698e-12,4.3084931994722905e-12,-1.1384572455670237e-09,-1.1298669562447918e-09
505,3.955183237889005e-12,4.1731658152916515e-12,-1.4931828060601126e-09,-1.485054457006932e-09
506,3.20528793467259e-12,3.8487498033572365e-12,-2.309993011477822e-09,-2.3029389737397924e-09
507,2.2211987070959664e-12,3.3832585995246388e-12,-5.605500082929986e-09,-5.599895625623365e-09
508,1.2007944281003389e-12,2.816639840010808e-12,1.1316848050172384e-08,1.1320865484440496e-08
509,3.679565283273105e-13,2.186152194049483e-12,2.744569525117981e-09,2.747123633840358e-09
510,3.0829443261635823e-16,1.5328701647969069e-12,1.545019969818817e-09,1.5465531482780465e-09
511,4.611382535243051e-13,9.095310303806302e-13,1.0710212418979786e-09,1.0723919111818834e-09
512,2.213652718528081e-12,3.8877361025451865e-13,8.21735014598468e-10,8.243374409272507e-10
513,5.733681435941244e-12,6.419549169867037e-14,6.7461619680213e-10,6.8041407372977e-10
514,1.1073748831821873e-11,1.6285475307798158e-14,5.886719675199033e-10,5.99762001827033e-10
515,1.670474661095865e-11,1.9153436249834255e-13,5.541687676902239e-10,5.710650486636809e-10
516,1.8548645952702142e-11,2.780729459310237e-13,5.892660557494596e-10,6.080927746480928e-10
517,1.3577503145393977e-11,7.473464540671316e-14,7.848527585723991e-10,7.985049963631998e-10
518,5.712928103118194e-12,6.509593464410105e-14,1.741838423326311e-09,1.7476164473640733e-09
519,9.211848851209723e-13,7.040772373208192e-13,-6.176381030807818e-09,-6.174755768685376e-09
520,4.6320544217585686e-14,1.7391997684446722e-12,-1.4387783576144713e-09,-1.436992837301809e-09
521,1.0859154192528863e-12,2.743487263648272e-12,-1.0322265352329138e-09,-1.0283971325500127e-09
522,2.4589618235930887e-12,3.5010170186581386e-12,-9.580738719816746e-10,-9.521138931394233e-10
523,3.4691090102765238e-12,3.965306951916164e-12,-1.0086526172356938e-09,-1.001218201273501e-09
524,3.921330598794395e-12,4.15895141908879e-12,-1.1616582685711e-09,-1.1535779865532168e-09
525,3.832860674603935e-12,4.121627427107583e-12,-1.4686213837128006e-09,-1.460666895611089e-09
526,3.30181469244887e-12,3.8917304050268665e-12,-2.137926641646892e-09,-2.1307330965494164e-09
527,2.461992735955642e-12,3.502493170310572e-12,-4.34739181534883e-09,-4.341427329442564e-09
528,1.4786576004494742e-12,2.983749689024469e-12,3.606464444417939e-08,3.606910685146886e-08
529,5.670452558447098e-13,2.3665021947384933e-12,3.2986801986123848e-09,3.301613746062968e-09
530,2.868281828305452e-14,1.6901667374250206e-12,1.6820266760441216e-09,1.6837455255998297e-09
531,3.0173682812084024e-13,1.0133845817358992e-12,1.1123924222626992e-09,1.1137075436725559e-09
532,1.997452579793664e-12,4.2763847031033083e-13,8.268341862914933e-10,8.292592773415973e-10
533,5.791633133018285e-12,6.172269279538701e-14,6.62854134160871e-10,6.687074899866847e-10
534,1.1767567964778327e-11,2.8739476271015946e-14,5.69163594306899e-10,5.809599017479483e-10
535,1.7753555568967134e-11,2.393456910610034e-13,5.336326736429768e-10,5.516255749030049e-10
536,1.879001633366132e-11,2.9022909470693594e-13,5.765933269067788e-10,5.956735723351471e-10
537,1.288587231810835e-11,5.501909991417648e-14,7.999464362283776e-10,8.128873276464001e-10
538,5.281545680467424e-12,8.56748923803018e-14,1.8933722197686723e-09,1.89873944034152e-09
539,9.5209083928925e-13,6.931800267635096e-13,-6.116516098020948e-09,-6.114870827154895e-09
540,9.45973973192546e-15,1.6145003508581329e-12,-1.5599856415069038e-09,-1.5583616814163138e-09
541,7.67045805805653e-13,2.5232424688075844e-12,-1.1214059730155324e-09,-1.1181156847409191e-09
542,1.966266609682197e-12,3.2521929672506463e-12,-1.025995444768598e-09,-1.0207769851916652e-09
543,2.9884430346403218e-12,3.750677723215088e-12,-1.0566471367018941e-09,-1.0499080159440388e-09
544,3.593806427205649e-12,4.019436542464874e-12,-1.1837009919627271e-09,-1.1760877489930566e-09
545,3.7249423427133145e-12,4.075742668185388e-12,-1.4438343446964838e-09,-1.4360336596855852e-09
546,3.409947765089339e-12,3.939416239542149e-12,-1.989412212611554e-09,-1.9820628486069225e-09
547,2.725950515047432e-12,3.628871077353206e-12,-3.5471215645577734e-09,-3.540766742965373e-09
548,1.7971613076717758e-12,3.1620438950328147e-12,-2.9667540142471114e-08,-2.966258093726841e-08
549,8.184668650871181e-13,2.560838405901656e-12,4.155050047134945e-09,4.158429352405934e-09
550,1.0597672973053471e-13,1.8600175680404374e-12,1.8499400447558488e-09,1.8519060390536198e-09
551,1.7603659849250373e-13,1.1228276325699083e-12,1.157434347270772e-09,1.1587332115018343e-09
552,1.8166781374550356e-12,4.633102643296024e-13,8.30734219001813e-10,8.330142074035977e-10
553,5.9408294501223855e-12,5.563290384651613e-14,6.497606452634627e-10,6.557571076174316e-10
554,1.2573277501805554e-11,4.6948914375408875e-14,5.499667393990769e-10,5.625869658152579e-10
555,1.8625095290343953e-11,2.8190350830391364e-13,5.163564365188147e-10,5.352634353174625e-10
556,1.8585352360432177e-11,2.799098660791067e-13,5.712903190756576e-10,5.901555813021688e-10
557,1.2076459227397558e-11,3.526456729378748e-14,8.264057977134345e-10,8.385175215081259e-10
558,4.974593165903429e-12,1.0263983833785808e-13,2.0364300324087356e-09,2.041507265412977e-09
559,1.0396748916062394e-12,6.636628771341994e-13,-6.860001775696815e-09,-6.858298437928075e-09
560,1.074718519994281e-15,1.4824027371760348e-12,-1.7345807990682603e-09,-1.7330973216125642e-09
561,5.037107502105287e-13,2.312429776230854e-12,-1.229391337089078e-09,-1.2265751965626367e-09
562,1.5411858614870205e-12,3.0197438338470242e-12,-1.1015278135324082e-09,-1.096966883837074e-09
563,2.5612106990951268e-12,3.5504918672871515e-12,-1.1065802266877688e-09,-1.1004685241213865e-09
564,3.296328561405809e-12,3.8892982109862625e-12,-1.2046039036658386e-09,-1.1974182768934465e-09
565,3.6311078170440838e-12,4.03551579137659e-12,-1.4186288439072622e-09,-1.4109622202988416e-09
566,3.5314376325184372e-12,3.992436625457955e-12,-1.8586956205974597e-09,-1.8511717463394833e-09
567,3.0165766485047e-12,3.763525713121664e-12,-2.988898919415712e-09,-2.9821188170540857e-09
568,2.1612920107280393e-12,3.3529367544750833e-12,-1.0368177310788094e-08,-1.036266308202289e-08
569,1.1275043839257333e-12,2.7702859139799234e-12,5.66493073740125e-09,5.668828527699156e-09
570,2.355180066425988e-13,2.04217501024279e-12,2.0606990770698187e-09,2.062976770086704e-09
571,8.568809042642993e-14,1.2352512856832102e-12,1.2059829278784495e-09,1.207303867254559e-09
572,1.6815735902479066e-12,4.921375586069465e-13,8.326356566484977e-10,8.348093677973525e-10
573,6.2049551717991934e-12,4.579043917883599e-14,6.350689471064356e-10,6.413196927174136e-10
574,1.3447348367319463e-11,7.083521778227124e-14,5.314787952335882e-10,5.449969788186899e-10
575,1.9179902025963623e-11,3.102430846550394e-13,5.03172290141496e-10,5.226624352521146e-10
576,1.7980948496130692e-11,2.5021080562679147e-13,5.73566225827291e-10,5.917973851290484e-10
577,1.1273174042419153e-11,1.954202912655587e-14,8.607209634469528e-10,8.720136795184986e-10
578,4.792543014384335e-12,1.1369779084776185e-13,2.1345017642837947e-09,2.139408005089027e-09
579,1.1758695701382513e-12,6.213047461176651e-13,-8.95827583906371e-09,-8.956478664747455e-09
580,2.865910611006063e-14,1.3498044088483083e-12,-1.978706189503608e-09,-1.9773277259886495e-09
581,2.9826436957079534e-13,2.1137734963348606e-12,-1.359844276045137e-09,-1.3574322381792313e-09
582,1.1797544593187739e-12,2.8034418993668412e-12,-1.1856339011389737e-09,-1.181650704780288e-09
583,2.182536594834993e-12,3.363721603145107e-12,-1.158551597703405e-09,-1.1530053395054248e-09
584,3.0259861671730393e-12,3.767814331855751e-12,-1.2242493309705605e-09,-1.2174555304715316e-09
585,3.5507782190514378e-12,4.0008248836886004e-12,-1.392724229283699e-09,-1.3851726261809588e-09
586,3.667766471855358e-12,4.051268747261162e-12,-1.7416660620112537e-09,-1.7339470267921371e-09
587,3.3373622505726254e-12,3.907459477319181e-12,-2.5743824920623793e-09,-2.5671376703344875e-09
588,2.5762014924068733e-12,3.5576906070767437e-12,-6.213395390170659e-09,-6.207261498071176e-09
589,1.4990912460755017e-12,2.9955706955154156e-12,9.054228294834204e-09,9.058722956775794e-09
590,4.187678358633527e-13,2.235353726780879e-12,2.3320367923131176e-09,2.334690913875762e-09
591,2.990462563442322e-14,1.3463541019697739e-12,1.2571458282663692e-09,1.2585220869939735e-09
592,1.6037979492992358e-12,5.096715999162378e-13,8.314671205345289e-10,8.335805900837444e-10
593,6.599474215495669e-12,3.318085080365991e-14,6.186616952297652e-10,6.252943502960645e-10
594,1.4297390322370926e-11,9.780678368185517e-14,5.143981364344409e-10,5.287933335404936e-10
595,1.9313069881826613e-11,3.171838706338985e-13,4.949231235207984e-10,5.145533772732589e-10
596,1.7092297021022786e-11,2.0874923367216258e-13,5.829592340071491e-10,6.002602802618441e-10
597,1.0557929257775498e-11,9.138719244040608e-15,8.976988236065234e-10,9.08265891583543e-10
598,4.71831521385557e-12,1.1843177794728546e-13,2.1621660139816533e-09,2.1670027609734563e-09
599,1.3532929688015765e-12,5.715411031605843e-13,-1.5387455201339685e-08,-1.5385530367267724e-08
600,9.496622961257908e-14,1.221279119833907e-12,-2.321886577132823e-09,-2.3205703317833766e-09
